2.809000000000000163e+00,6.500000000000000222e-02,-5.540000000000000480e-01,2.753000000000000114e+00
1.393999999999999906e+00,1.310000000000000053e-01,-8.860000000000000098e-01,1.076000000000000068e+00
1.122999999999999998e+00,-1.960000000000000075e-01,-8.090000000000000524e-01,-7.790000000000000258e-01
8.139999999999999458e-01,-1.310000000000000053e-01,6.199999999999999956e-01,5.270000000000000240e-01
7.790000000000000258e-01,2.610000000000000098e-01,-7.760000000000000231e-01,6.600000000000000311e-02
5.679999999999999494e-01,-6.500000000000000222e-02,-3.910000000000000142e-01,-4.129999999999999782e-01
4.630000000000000226e-01,-2.610000000000000098e-01,-1.409999999999999865e-01,-4.410000000000000031e-01
3.760000000000000009e-01,1.960000000000000075e-01,3.649999999999999911e-01,-9.099999999999999756e-02
3.099999999999999978e-01,0.000000000000000000e+00,1.499999999999999944e-02,3.089999999999999969e-01
2.979999999999999871e-01,-3.920000000000000151e-01,2.969999999999999862e-01,-2.400000000000000050e-02
2.790000000000000258e-01,-3.270000000000000129e-01,-9.199999999999999845e-02,2.640000000000000124e-01
1.739999999999999880e-01,3.920000000000000151e-01,6.199999999999999956e-02,1.630000000000000060e-01
1.710000000000000131e-01,5.230000000000000204e-01,1.400000000000000133e-01,9.900000000000000466e-02
1.429999999999999882e-01,5.879999999999999671e-01,5.399999999999999939e-02,1.330000000000000071e-01
1.330000000000000071e-01,4.570000000000000173e-01,3.200000000000000067e-02,-1.290000000000000036e-01
1.209999999999999964e-01,-4.570000000000000173e-01,1.000000000000000021e-02,1.209999999999999964e-01
1.160000000000000059e-01,-6.530000000000000249e-01,-1.110000000000000014e-01,-3.400000000000000244e-02
1.100000000000000006e-01,3.270000000000000129e-01,-5.299999999999999850e-02,9.700000000000000289e-02
7.000000000000000666e-02,-8.489999999999999769e-01,8.999999999999999320e-03,-6.900000000000000577e-02
6.400000000000000133e-02,7.840000000000000302e-01,-5.999999999999999778e-02,-2.100000000000000130e-02
6.099999999999999867e-02,-5.230000000000000204e-01,-2.400000000000000050e-02,5.600000000000000117e-02
4.499999999999999833e-02,7.179999999999999716e-01,-2.400000000000000050e-02,-3.899999999999999994e-02
4.200000000000000261e-02,9.140000000000000346e-01,3.099999999999999978e-02,-2.800000000000000058e-02
3.599999999999999728e-02,8.489999999999999769e-01,3.300000000000000155e-02,-1.499999999999999944e-02
3.500000000000000333e-02,9.799999999999999822e-01,-2.400000000000000050e-02,2.599999999999999881e-02
3.200000000000000067e-02,6.530000000000000249e-01,6.000000000000000125e-03,-3.099999999999999978e-02
3.099999999999999978e-02,1.306000000000000050e+00,7.000000000000000146e-03,3.099999999999999978e-02
2.400000000000000050e-02,-1.241000000000000103e+00,-1.099999999999999936e-02,-2.100000000000000130e-02
2.299999999999999961e-02,1.241000000000000103e+00,-2.299999999999999961e-02,2.000000000000000042e-03
2.199999999999999872e-02,-5.879999999999999671e-01,1.000000000000000021e-02,2.000000000000000042e-02
2.000000000000000042e-02,1.110000000000000098e+00,-1.099999999999999936e-02,1.700000000000000122e-02
2.000000000000000042e-02,-9.140000000000000346e-01,-1.400000000000000029e-02,1.400000000000000029e-02
1.799999999999999864e-02,1.633000000000000007e+00,1.700000000000000122e-02,-7.000000000000000146e-03
1.700000000000000122e-02,1.502000000000000002e+00,1.600000000000000033e-02,-3.000000000000000062e-03
1.700000000000000122e-02,-7.179999999999999716e-01,-8.999999999999999320e-03,1.400000000000000029e-02
1.600000000000000033e-02,1.437000000000000055e+00,1.600000000000000033e-02,1.000000000000000021e-03
1.600000000000000033e-02,-9.799999999999999822e-01,1.299999999999999940e-02,8.999999999999999320e-03
1.499999999999999944e-02,1.697999999999999954e+00,-1.499999999999999944e-02,1.000000000000000021e-03
1.400000000000000029e-02,-7.840000000000000302e-01,-8.999999999999999320e-03,-1.099999999999999936e-02
1.400000000000000029e-02,-1.175999999999999934e+00,1.200000000000000025e-02,-8.999999999999999320e-03
1.299999999999999940e-02,-1.044999999999999929e+00,8.999999999999999320e-03,8.999999999999999320e-03
1.200000000000000025e-02,1.762999999999999901e+00,-1.000000000000000021e-02,-7.000000000000000146e-03
1.200000000000000025e-02,-1.372000000000000108e+00,3.000000000000000062e-03,1.099999999999999936e-02
1.200000000000000025e-02,-1.437000000000000055e+00,3.000000000000000062e-03,1.099999999999999936e-02
1.099999999999999936e-02,-2.024999999999999911e+00,8.000000000000000167e-03,7.000000000000000146e-03
1.000000000000000021e-02,2.482000000000000206e+00,7.000000000000000146e-03,-7.000000000000000146e-03
1.000000000000000021e-02,1.044999999999999929e+00,-8.000000000000000167e-03,7.000000000000000146e-03
1.000000000000000021e-02,-1.110000000000000098e+00,1.000000000000000021e-03,1.000000000000000021e-02
8.999999999999999320e-03,-1.828999999999999959e+00,3.000000000000000062e-03,-8.999999999999999320e-03
8.000000000000000167e-03,2.221000000000000085e+00,4.000000000000000083e-03,7.000000000000000146e-03
8.000000000000000167e-03,-1.633000000000000007e+00,-8.000000000000000167e-03,-1.000000000000000021e-03
8.000000000000000167e-03,-2.350999999999999979e+00,-1.000000000000000021e-03,7.000000000000000146e-03
7.000000000000000146e-03,2.286000000000000032e+00,-3.000000000000000062e-03,6.000000000000000125e-03
7.000000000000000146e-03,-1.697999999999999954e+00,-3.000000000000000062e-03,-7.000000000000000146e-03
6.000000000000000125e-03,2.807999999999999829e+00,-5.000000000000000104e-03,-3.000000000000000062e-03
6.000000000000000125e-03,2.677999999999999936e+00,-6.000000000000000125e-03,-1.000000000000000021e-03
6.000000000000000125e-03,2.547000000000000153e+00,4.000000000000000083e-03,-4.000000000000000083e-03
6.000000000000000125e-03,2.089999999999999858e+00,-1.000000000000000021e-03,6.000000000000000125e-03
6.000000000000000125e-03,2.024999999999999911e+00,3.000000000000000062e-03,5.000000000000000104e-03
6.000000000000000125e-03,-1.568000000000000060e+00,5.000000000000000104e-03,4.000000000000000083e-03
6.000000000000000125e-03,-1.762999999999999901e+00,-2.000000000000000042e-03,-5.000000000000000104e-03
5.000000000000000104e-03,2.939000000000000057e+00,5.000000000000000104e-03,-1.000000000000000021e-03
5.000000000000000104e-03,2.416999999999999815e+00,5.000000000000000104e-03,0.000000000000000000e+00
5.000000000000000104e-03,1.893999999999999906e+00,-4.000000000000000083e-03,3.000000000000000062e-03
5.000000000000000104e-03,1.828999999999999959e+00,0.000000000000000000e+00,-5.000000000000000104e-03
5.000000000000000104e-03,1.175999999999999934e+00,0.000000000000000000e+00,-5.000000000000000104e-03
5.000000000000000104e-03,-1.306000000000000050e+00,-2.000000000000000042e-03,-5.000000000000000104e-03
5.000000000000000104e-03,-2.286000000000000032e+00,-0.000000000000000000e+00,-5.000000000000000104e-03
4.000000000000000083e-03,3.004000000000000004e+00,-0.000000000000000000e+00,4.000000000000000083e-03
4.000000000000000083e-03,2.742999999999999883e+00,-4.000000000000000083e-03,-3.000000000000000062e-03
4.000000000000000083e-03,2.154999999999999805e+00,-4.000000000000000083e-03,-1.000000000000000021e-03
4.000000000000000083e-03,1.372000000000000108e+00,3.000000000000000062e-03,2.000000000000000042e-03
4.000000000000000083e-03,-1.502000000000000002e+00,-2.000000000000000042e-03,4.000000000000000083e-03
4.000000000000000083e-03,-1.893999999999999906e+00,-1.000000000000000021e-03,4.000000000000000083e-03
4.000000000000000083e-03,-2.154999999999999805e+00,3.000000000000000062e-03,-2.000000000000000042e-03
4.000000000000000083e-03,-2.221000000000000085e+00,-1.000000000000000021e-03,-4.000000000000000083e-03
4.000000000000000083e-03,-2.482000000000000206e+00,3.000000000000000062e-03,2.000000000000000042e-03
4.000000000000000083e-03,-2.677999999999999936e+00,-4.000000000000000083e-03,-0.000000000000000000e+00
3.000000000000000062e-03,4.376000000000000334e+00,-0.000000000000000000e+00,-3.000000000000000062e-03
3.000000000000000062e-03,3.787999999999999812e+00,-3.000000000000000062e-03,1.000000000000000021e-03
3.000000000000000062e-03,3.722999999999999865e+00,-2.000000000000000042e-03,1.000000000000000021e-03
3.000000000000000062e-03,3.527000000000000135e+00,2.000000000000000042e-03,-2.000000000000000042e-03
3.000000000000000062e-03,3.462000000000000188e+00,-0.000000000000000000e+00,-3.000000000000000062e-03
3.000000000000000062e-03,3.395999999999999908e+00,2.000000000000000042e-03,-2.000000000000000042e-03
3.000000000000000062e-03,3.330999999999999961e+00,3.000000000000000062e-03,1.000000000000000021e-03
3.000000000000000062e-03,3.266000000000000014e+00,-1.000000000000000021e-03,-3.000000000000000062e-03
3.000000000000000062e-03,3.200000000000000178e+00,1.000000000000000021e-03,3.000000000000000062e-03
3.000000000000000062e-03,2.874000000000000110e+00,-2.000000000000000042e-03,2.000000000000000042e-03
3.000000000000000062e-03,2.612999999999999989e+00,1.000000000000000021e-03,2.000000000000000042e-03
3.000000000000000062e-03,2.350999999999999979e+00,2.000000000000000042e-03,-2.000000000000000042e-03
3.000000000000000062e-03,-2.742999999999999883e+00,1.000000000000000021e-03,-3.000000000000000062e-03
3.000000000000000062e-03,-3.004000000000000004e+00,0.000000000000000000e+00,3.000000000000000062e-03
3.000000000000000062e-03,-3.395999999999999908e+00,-2.000000000000000042e-03,2.000000000000000042e-03
3.000000000000000062e-03,-4.376000000000000334e+00,-1.000000000000000021e-03,3.000000000000000062e-03
2.000000000000000042e-03,6.661999999999999922e+00,-1.000000000000000021e-03,1.000000000000000021e-03
2.000000000000000042e-03,5.682000000000000384e+00,0.000000000000000000e+00,2.000000000000000042e-03
2.000000000000000042e-03,5.094000000000000306e+00,-1.000000000000000021e-03,1.000000000000000021e-03
2.000000000000000042e-03,4.964000000000000412e+00,2.000000000000000042e-03,-1.000000000000000021e-03
2.000000000000000042e-03,4.833000000000000185e+00,2.000000000000000042e-03,-1.000000000000000021e-03
2.000000000000000042e-03,4.767999999999999794e+00,-2.000000000000000042e-03,1.000000000000000021e-03
2.000000000000000042e-03,4.703000000000000291e+00,-1.000000000000000021e-03,1.000000000000000021e-03
2.000000000000000042e-03,4.115000000000000213e+00,-0.000000000000000000e+00,2.000000000000000042e-03
2.000000000000000042e-03,3.592000000000000082e+00,-2.000000000000000042e-03,1.000000000000000021e-03
2.000000000000000042e-03,3.069999999999999840e+00,-0.000000000000000000e+00,2.000000000000000042e-03
2.000000000000000042e-03,1.959000000000000075e+00,-1.000000000000000021e-03,-2.000000000000000042e-03
2.000000000000000042e-03,1.568000000000000060e+00,2.000000000000000042e-03,0.000000000000000000e+00
2.000000000000000042e-03,-2.416999999999999815e+00,-0.000000000000000000e+00,2.000000000000000042e-03
2.000000000000000042e-03,-2.547000000000000153e+00,-2.000000000000000042e-03,-1.000000000000000021e-03
2.000000000000000042e-03,-2.874000000000000110e+00,1.000000000000000021e-03,-2.000000000000000042e-03
2.000000000000000042e-03,-2.939000000000000057e+00,-2.000000000000000042e-03,1.000000000000000021e-03
2.000000000000000042e-03,-3.069999999999999840e+00,2.000000000000000042e-03,1.000000000000000021e-03
2.000000000000000042e-03,-3.134999999999999787e+00,2.000000000000000042e-03,-1.000000000000000021e-03
2.000000000000000042e-03,-3.200000000000000178e+00,1.000000000000000021e-03,-2.000000000000000042e-03
2.000000000000000042e-03,-3.462000000000000188e+00,1.000000000000000021e-03,2.000000000000000042e-03
2.000000000000000042e-03,-3.722999999999999865e+00,0.000000000000000000e+00,-2.000000000000000042e-03
2.000000000000000042e-03,-3.919000000000000039e+00,-1.000000000000000021e-03,2.000000000000000042e-03
2.000000000000000042e-03,-4.049000000000000377e+00,2.000000000000000042e-03,1.000000000000000021e-03
2.000000000000000042e-03,-4.179999999999999716e+00,2.000000000000000042e-03,-1.000000000000000021e-03
2.000000000000000042e-03,-5.160000000000000142e+00,1.000000000000000021e-03,-0.000000000000000000e+00
1.000000000000000021e-03,3.135099999999999909e+01,0.000000000000000000e+00,-0.000000000000000000e+00
1.000000000000000021e-03,3.121999999999999886e+01,0.000000000000000000e+00,1.000000000000000021e-03
1.000000000000000021e-03,3.108899999999999864e+01,-0.000000000000000000e+00,1.000000000000000021e-03
1.000000000000000021e-03,3.102400000000000091e+01,1.000000000000000021e-03,0.000000000000000000e+00
1.000000000000000021e-03,3.095899999999999963e+01,-1.000000000000000021e-03,-0.000000000000000000e+00
1.000000000000000021e-03,3.082799999999999940e+01,1.000000000000000021e-03,-0.000000000000000000e+00
1.000000000000000021e-03,3.063200000000000145e+01,1.000000000000000021e-03,0.000000000000000000e+00
1.000000000000000021e-03,3.050199999999999889e+01,-0.000000000000000000e+00,1.000000000000000021e-03
1.000000000000000021e-03,3.037099999999999866e+01,-1.000000000000000021e-03,0.000000000000000000e+00
1.000000000000000021e-03,3.030600000000000094e+01,-1.000000000000000021e-03,1.000000000000000021e-03
1.000000000000000021e-03,3.023999999999999844e+01,-0.000000000000000000e+00,-1.000000000000000021e-03
1.000000000000000021e-03,3.004400000000000048e+01,-1.000000000000000021e-03,-1.000000000000000021e-03
1.000000000000000021e-03,2.984799999999999898e+01,-1.000000000000000021e-03,0.000000000000000000e+00
1.000000000000000021e-03,2.965200000000000102e+01,-0.000000000000000000e+00,-1.000000000000000021e-03
1.000000000000000021e-03,2.945700000000000074e+01,0.000000000000000000e+00,-0.000000000000000000e+00
1.000000000000000021e-03,2.939099999999999824e+01,1.000000000000000021e-03,0.000000000000000000e+00
1.000000000000000021e-03,2.899899999999999878e+01,-1.000000000000000021e-03,0.000000000000000000e+00
1.000000000000000021e-03,2.893400000000000105e+01,1.000000000000000021e-03,-0.000000000000000000e+00
1.000000000000000021e-03,2.886899999999999977e+01,-0.000000000000000000e+00,-1.000000000000000021e-03
1.000000000000000021e-03,2.880300000000000082e+01,1.000000000000000021e-03,-0.000000000000000000e+00
1.000000000000000021e-03,2.854200000000000159e+01,1.000000000000000021e-03,1.000000000000000021e-03
1.000000000000000021e-03,2.841100000000000136e+01,-1.000000000000000021e-03,0.000000000000000000e+00
1.000000000000000021e-03,2.834600000000000009e+01,1.000000000000000021e-03,0.000000000000000000e+00
1.000000000000000021e-03,2.828099999999999881e+01,-1.000000000000000021e-03,0.000000000000000000e+00
1.000000000000000021e-03,2.821600000000000108e+01,-1.000000000000000021e-03,1.000000000000000021e-03
1.000000000000000021e-03,2.814999999999999858e+01,0.000000000000000000e+00,-1.000000000000000021e-03
1.000000000000000021e-03,2.801999999999999957e+01,1.000000000000000021e-03,-0.000000000000000000e+00
1.000000000000000021e-03,2.788899999999999935e+01,-0.000000000000000000e+00,1.000000000000000021e-03
1.000000000000000021e-03,2.782400000000000162e+01,-1.000000000000000021e-03,-0.000000000000000000e+00
1.000000000000000021e-03,2.762800000000000011e+01,-0.000000000000000000e+00,0.000000000000000000e+00
1.000000000000000021e-03,2.756200000000000117e+01,-1.000000000000000021e-03,-1.000000000000000021e-03
1.000000000000000021e-03,2.743199999999999861e+01,0.000000000000000000e+00,-1.000000000000000021e-03
1.000000000000000021e-03,2.723600000000000065e+01,0.000000000000000000e+00,-1.000000000000000021e-03
1.000000000000000021e-03,2.717099999999999937e+01,1.000000000000000021e-03,0.000000000000000000e+00
1.000000000000000021e-03,2.697500000000000142e+01,-0.000000000000000000e+00,0.000000000000000000e+00
1.000000000000000021e-03,2.671300000000000097e+01,-1.000000000000000021e-03,-0.000000000000000000e+00
1.000000000000000021e-03,2.664799999999999969e+01,-0.000000000000000000e+00,-0.000000000000000000e+00
1.000000000000000021e-03,2.651699999999999946e+01,-1.000000000000000021e-03,-0.000000000000000000e+00
1.000000000000000021e-03,2.645200000000000173e+01,-0.000000000000000000e+00,-1.000000000000000021e-03
1.000000000000000021e-03,2.638700000000000045e+01,1.000000000000000021e-03,-1.000000000000000021e-03
1.000000000000000021e-03,2.619099999999999895e+01,1.000000000000000021e-03,0.000000000000000000e+00
1.000000000000000021e-03,2.579899999999999949e+01,-0.000000000000000000e+00,-1.000000000000000021e-03
1.000000000000000021e-03,2.573400000000000176e+01,1.000000000000000021e-03,-0.000000000000000000e+00
1.000000000000000021e-03,2.560300000000000153e+01,0.000000000000000000e+00,1.000000000000000021e-03
1.000000000000000021e-03,2.553800000000000026e+01,1.000000000000000021e-03,-0.000000000000000000e+00
1.000000000000000021e-03,2.547200000000000131e+01,1.000000000000000021e-03,0.000000000000000000e+00
1.000000000000000021e-03,2.540700000000000003e+01,-0.000000000000000000e+00,0.000000000000000000e+00
1.000000000000000021e-03,2.534199999999999875e+01,-1.000000000000000021e-03,0.000000000000000000e+00
1.000000000000000021e-03,2.527599999999999980e+01,1.000000000000000021e-03,-0.000000000000000000e+00
1.000000000000000021e-03,2.514600000000000080e+01,0.000000000000000000e+00,1.000000000000000021e-03
1.000000000000000021e-03,2.507999999999999829e+01,0.000000000000000000e+00,-0.000000000000000000e+00
1.000000000000000021e-03,2.501500000000000057e+01,-1.000000000000000021e-03,-0.000000000000000000e+00
1.000000000000000021e-03,2.494999999999999929e+01,-0.000000000000000000e+00,1.000000000000000021e-03
1.000000000000000021e-03,2.481899999999999906e+01,-0.000000000000000000e+00,0.000000000000000000e+00
1.000000000000000021e-03,2.475400000000000134e+01,-0.000000000000000000e+00,1.000000000000000021e-03
1.000000000000000021e-03,2.468900000000000006e+01,0.000000000000000000e+00,-1.000000000000000021e-03
1.000000000000000021e-03,2.449299999999999855e+01,-0.000000000000000000e+00,-0.000000000000000000e+00
1.000000000000000021e-03,2.423100000000000165e+01,1.000000000000000021e-03,0.000000000000000000e+00
1.000000000000000021e-03,2.410099999999999909e+01,-1.000000000000000021e-03,0.000000000000000000e+00
1.000000000000000021e-03,2.403500000000000014e+01,0.000000000000000000e+00,-0.000000000000000000e+00
1.000000000000000021e-03,2.390500000000000114e+01,0.000000000000000000e+00,1.000000000000000021e-03
1.000000000000000021e-03,2.383999999999999986e+01,-1.000000000000000021e-03,1.000000000000000021e-03
1.000000000000000021e-03,2.377400000000000091e+01,-0.000000000000000000e+00,1.000000000000000021e-03
1.000000000000000021e-03,2.370899999999999963e+01,0.000000000000000000e+00,-1.000000000000000021e-03
1.000000000000000021e-03,2.364399999999999835e+01,-1.000000000000000021e-03,0.000000000000000000e+00
1.000000000000000021e-03,2.357799999999999940e+01,-1.000000000000000021e-03,0.000000000000000000e+00
1.000000000000000021e-03,2.351300000000000168e+01,-1.000000000000000021e-03,-1.000000000000000021e-03
1.000000000000000021e-03,2.344800000000000040e+01,-1.000000000000000021e-03,-1.000000000000000021e-03
1.000000000000000021e-03,2.338200000000000145e+01,1.000000000000000021e-03,-0.000000000000000000e+00
1.000000000000000021e-03,2.331700000000000017e+01,1.000000000000000021e-03,-0.000000000000000000e+00
1.000000000000000021e-03,2.312099999999999866e+01,1.000000000000000021e-03,-0.000000000000000000e+00
1.000000000000000021e-03,2.272899999999999920e+01,1.000000000000000021e-03,0.000000000000000000e+00
1.000000000000000021e-03,2.233699999999999974e+01,0.000000000000000000e+00,-1.000000000000000021e-03
1.000000000000000021e-03,2.207600000000000051e+01,0.000000000000000000e+00,0.000000000000000000e+00
1.000000000000000021e-03,2.187999999999999901e+01,0.000000000000000000e+00,-0.000000000000000000e+00
1.000000000000000021e-03,2.174899999999999878e+01,-0.000000000000000000e+00,0.000000000000000000e+00
1.000000000000000021e-03,2.161899999999999977e+01,0.000000000000000000e+00,-0.000000000000000000e+00
1.000000000000000021e-03,2.155399999999999849e+01,1.000000000000000021e-03,0.000000000000000000e+00
1.000000000000000021e-03,2.148799999999999955e+01,1.000000000000000021e-03,0.000000000000000000e+00
1.000000000000000021e-03,2.142299999999999827e+01,-0.000000000000000000e+00,-0.000000000000000000e+00
1.000000000000000021e-03,2.122700000000000031e+01,-0.000000000000000000e+00,1.000000000000000021e-03
1.000000000000000021e-03,2.116199999999999903e+01,-0.000000000000000000e+00,1.000000000000000021e-03
1.000000000000000021e-03,2.076999999999999957e+01,-0.000000000000000000e+00,1.000000000000000021e-03
1.000000000000000021e-03,2.024699999999999989e+01,0.000000000000000000e+00,1.000000000000000021e-03
1.000000000000000021e-03,1.985500000000000043e+01,-1.000000000000000021e-03,0.000000000000000000e+00
1.000000000000000021e-03,1.946399999999999864e+01,-0.000000000000000000e+00,-1.000000000000000021e-03
1.000000000000000021e-03,1.933299999999999841e+01,0.000000000000000000e+00,0.000000000000000000e+00
1.000000000000000021e-03,1.913700000000000045e+01,1.000000000000000021e-03,0.000000000000000000e+00
1.000000000000000021e-03,1.900600000000000023e+01,-1.000000000000000021e-03,-0.000000000000000000e+00
1.000000000000000021e-03,1.887600000000000122e+01,-0.000000000000000000e+00,0.000000000000000000e+00
1.000000000000000021e-03,1.861400000000000077e+01,0.000000000000000000e+00,-0.000000000000000000e+00
1.000000000000000021e-03,1.854899999999999949e+01,-1.000000000000000021e-03,0.000000000000000000e+00
1.000000000000000021e-03,1.835300000000000153e+01,0.000000000000000000e+00,1.000000000000000021e-03
1.000000000000000021e-03,1.750400000000000134e+01,0.000000000000000000e+00,1.000000000000000021e-03
1.000000000000000021e-03,1.737300000000000111e+01,-0.000000000000000000e+00,-1.000000000000000021e-03
1.000000000000000021e-03,1.717800000000000082e+01,-1.000000000000000021e-03,-0.000000000000000000e+00
1.000000000000000021e-03,1.691600000000000037e+01,0.000000000000000000e+00,-1.000000000000000021e-03
1.000000000000000021e-03,1.678600000000000136e+01,1.000000000000000021e-03,0.000000000000000000e+00
1.000000000000000021e-03,1.658999999999999986e+01,1.000000000000000021e-03,-0.000000000000000000e+00
1.000000000000000021e-03,1.645899999999999963e+01,-0.000000000000000000e+00,1.000000000000000021e-03
1.000000000000000021e-03,1.639399999999999835e+01,-1.000000000000000021e-03,0.000000000000000000e+00
1.000000000000000021e-03,1.613299999999999912e+01,1.000000000000000021e-03,-0.000000000000000000e+00
1.000000000000000021e-03,1.593699999999999939e+01,-1.000000000000000021e-03,-0.000000000000000000e+00
1.000000000000000021e-03,1.580599999999999916e+01,1.000000000000000021e-03,0.000000000000000000e+00
1.000000000000000021e-03,1.547899999999999920e+01,0.000000000000000000e+00,1.000000000000000021e-03
1.000000000000000021e-03,1.541399999999999970e+01,1.000000000000000021e-03,0.000000000000000000e+00
1.000000000000000021e-03,1.508699999999999974e+01,0.000000000000000000e+00,0.000000000000000000e+00
1.000000000000000021e-03,1.489199999999999946e+01,0.000000000000000000e+00,-1.000000000000000021e-03
1.000000000000000021e-03,1.476099999999999923e+01,1.000000000000000021e-03,1.000000000000000021e-03
1.000000000000000021e-03,1.463000000000000078e+01,-1.000000000000000021e-03,-0.000000000000000000e+00
1.000000000000000021e-03,1.430400000000000027e+01,-0.000000000000000000e+00,-1.000000000000000021e-03
1.000000000000000021e-03,1.423799999999999955e+01,1.000000000000000021e-03,1.000000000000000021e-03
1.000000000000000021e-03,1.371599999999999930e+01,1.000000000000000021e-03,0.000000000000000000e+00
1.000000000000000021e-03,1.365099999999999980e+01,0.000000000000000000e+00,1.000000000000000021e-03
1.000000000000000021e-03,1.351999999999999957e+01,-1.000000000000000021e-03,0.000000000000000000e+00
1.000000000000000021e-03,1.306300000000000061e+01,1.000000000000000021e-03,0.000000000000000000e+00
1.000000000000000021e-03,1.293200000000000038e+01,-1.000000000000000021e-03,0.000000000000000000e+00
1.000000000000000021e-03,1.260599999999999987e+01,1.000000000000000021e-03,0.000000000000000000e+00
1.000000000000000021e-03,1.253999999999999915e+01,1.000000000000000021e-03,-0.000000000000000000e+00
1.000000000000000021e-03,1.241000000000000014e+01,-0.000000000000000000e+00,0.000000000000000000e+00
1.000000000000000021e-03,1.221400000000000041e+01,-0.000000000000000000e+00,1.000000000000000021e-03
1.000000000000000021e-03,1.188700000000000045e+01,-0.000000000000000000e+00,1.000000000000000021e-03
1.000000000000000021e-03,1.182199999999999918e+01,-1.000000000000000021e-03,1.000000000000000021e-03
1.000000000000000021e-03,1.156099999999999994e+01,-0.000000000000000000e+00,-1.000000000000000021e-03
1.000000000000000021e-03,1.149499999999999922e+01,0.000000000000000000e+00,1.000000000000000021e-03
1.000000000000000021e-03,1.136500000000000021e+01,-1.000000000000000021e-03,0.000000000000000000e+00
1.000000000000000021e-03,1.090700000000000003e+01,-0.000000000000000000e+00,1.000000000000000021e-03
1.000000000000000021e-03,1.077699999999999925e+01,-0.000000000000000000e+00,0.000000000000000000e+00
1.000000000000000021e-03,1.064600000000000080e+01,-1.000000000000000021e-03,-0.000000000000000000e+00
1.000000000000000021e-03,1.051600000000000001e+01,0.000000000000000000e+00,-1.000000000000000021e-03
1.000000000000000021e-03,1.044999999999999929e+01,-0.000000000000000000e+00,-1.000000000000000021e-03
1.000000000000000021e-03,1.032000000000000028e+01,-0.000000000000000000e+00,1.000000000000000021e-03
1.000000000000000021e-03,1.012400000000000055e+01,0.000000000000000000e+00,0.000000000000000000e+00
1.000000000000000021e-03,1.005799999999999983e+01,-0.000000000000000000e+00,-1.000000000000000021e-03
1.000000000000000021e-03,9.993000000000000327e+00,-1.000000000000000021e-03,0.000000000000000000e+00
1.000000000000000021e-03,9.862000000000000099e+00,-0.000000000000000000e+00,-1.000000000000000021e-03
1.000000000000000021e-03,9.797000000000000597e+00,-1.000000000000000021e-03,-0.000000000000000000e+00
1.000000000000000021e-03,9.731999999999999318e+00,1.000000000000000021e-03,-1.000000000000000021e-03
1.000000000000000021e-03,9.275000000000000355e+00,0.000000000000000000e+00,1.000000000000000021e-03
1.000000000000000021e-03,9.208999999999999631e+00,1.000000000000000021e-03,1.000000000000000021e-03
1.000000000000000021e-03,9.144000000000000128e+00,-1.000000000000000021e-03,0.000000000000000000e+00
1.000000000000000021e-03,9.079000000000000625e+00,-1.000000000000000021e-03,-0.000000000000000000e+00
1.000000000000000021e-03,8.948000000000000398e+00,-0.000000000000000000e+00,-1.000000000000000021e-03
1.000000000000000021e-03,8.817000000000000171e+00,-1.000000000000000021e-03,0.000000000000000000e+00
1.000000000000000021e-03,8.752000000000000668e+00,0.000000000000000000e+00,-1.000000000000000021e-03
1.000000000000000021e-03,8.686999999999999389e+00,0.000000000000000000e+00,1.000000000000000021e-03
1.000000000000000021e-03,8.294999999999999929e+00,-1.000000000000000021e-03,0.000000000000000000e+00
1.000000000000000021e-03,8.230000000000000426e+00,0.000000000000000000e+00,-0.000000000000000000e+00
1.000000000000000021e-03,8.099000000000000199e+00,-0.000000000000000000e+00,1.000000000000000021e-03
1.000000000000000021e-03,8.034000000000000696e+00,0.000000000000000000e+00,-1.000000000000000021e-03
1.000000000000000021e-03,7.967999999999999972e+00,-1.000000000000000021e-03,0.000000000000000000e+00
1.000000000000000021e-03,7.575999999999999623e+00,-0.000000000000000000e+00,1.000000000000000021e-03
1.000000000000000021e-03,7.445999999999999730e+00,0.000000000000000000e+00,-0.000000000000000000e+00
1.000000000000000021e-03,7.250000000000000000e+00,-1.000000000000000021e-03,1.000000000000000021e-03
1.000000000000000021e-03,7.184999999999999609e+00,-1.000000000000000021e-03,0.000000000000000000e+00
1.000000000000000021e-03,6.923000000000000043e+00,0.000000000000000000e+00,-1.000000000000000021e-03
1.000000000000000021e-03,6.857999999999999652e+00,1.000000000000000021e-03,-0.000000000000000000e+00
1.000000000000000021e-03,6.597000000000000419e+00,1.000000000000000021e-03,0.000000000000000000e+00
1.000000000000000021e-03,6.530999999999999694e+00,1.000000000000000021e-03,0.000000000000000000e+00
1.000000000000000021e-03,6.334999999999999964e+00,-1.000000000000000021e-03,1.000000000000000021e-03
1.000000000000000021e-03,6.269999999999999574e+00,-1.000000000000000021e-03,-0.000000000000000000e+00
1.000000000000000021e-03,6.205000000000000071e+00,-1.000000000000000021e-03,0.000000000000000000e+00
1.000000000000000021e-03,6.139000000000000234e+00,0.000000000000000000e+00,-1.000000000000000021e-03
1.000000000000000021e-03,6.073999999999999844e+00,-0.000000000000000000e+00,-0.000000000000000000e+00
1.000000000000000021e-03,6.009000000000000341e+00,0.000000000000000000e+00,-0.000000000000000000e+00
1.000000000000000021e-03,5.943999999999999950e+00,1.000000000000000021e-03,-0.000000000000000000e+00
1.000000000000000021e-03,5.878000000000000114e+00,1.000000000000000021e-03,-1.000000000000000021e-03
1.000000000000000021e-03,5.812999999999999723e+00,0.000000000000000000e+00,1.000000000000000021e-03
1.000000000000000021e-03,5.616999999999999993e+00,-0.000000000000000000e+00,1.000000000000000021e-03
1.000000000000000021e-03,5.551999999999999602e+00,-1.000000000000000021e-03,1.000000000000000021e-03
1.000000000000000021e-03,5.485999999999999766e+00,-1.000000000000000021e-03,0.000000000000000000e+00
1.000000000000000021e-03,5.421000000000000263e+00,-1.000000000000000021e-03,0.000000000000000000e+00
1.000000000000000021e-03,5.355999999999999872e+00,-1.000000000000000021e-03,-1.000000000000000021e-03
1.000000000000000021e-03,5.290000000000000036e+00,-0.000000000000000000e+00,-1.000000000000000021e-03
1.000000000000000021e-03,5.160000000000000142e+00,0.000000000000000000e+00,-1.000000000000000021e-03
1.000000000000000021e-03,5.028999999999999915e+00,1.000000000000000021e-03,1.000000000000000021e-03
1.000000000000000021e-03,4.899000000000000021e+00,-1.000000000000000021e-03,-1.000000000000000021e-03
1.000000000000000021e-03,4.636999999999999567e+00,-0.000000000000000000e+00,1.000000000000000021e-03
1.000000000000000021e-03,4.572000000000000064e+00,-1.000000000000000021e-03,0.000000000000000000e+00
1.000000000000000021e-03,4.506999999999999673e+00,-0.000000000000000000e+00,-1.000000000000000021e-03
1.000000000000000021e-03,4.440999999999999837e+00,-0.000000000000000000e+00,-1.000000000000000021e-03
1.000000000000000021e-03,4.245000000000000107e+00,0.000000000000000000e+00,-1.000000000000000021e-03
1.000000000000000021e-03,4.179999999999999716e+00,1.000000000000000021e-03,-0.000000000000000000e+00
1.000000000000000021e-03,4.049000000000000377e+00,1.000000000000000021e-03,-0.000000000000000000e+00
1.000000000000000021e-03,3.983999999999999986e+00,1.000000000000000021e-03,-0.000000000000000000e+00
1.000000000000000021e-03,3.919000000000000039e+00,1.000000000000000021e-03,1.000000000000000021e-03
1.000000000000000021e-03,3.854000000000000092e+00,1.000000000000000021e-03,-0.000000000000000000e+00
1.000000000000000021e-03,3.657999999999999918e+00,-1.000000000000000021e-03,-0.000000000000000000e+00
1.000000000000000021e-03,3.134999999999999787e+00,1.000000000000000021e-03,1.000000000000000021e-03
1.000000000000000021e-03,-1.959000000000000075e+00,-1.000000000000000021e-03,0.000000000000000000e+00
1.000000000000000021e-03,-2.612999999999999989e+00,1.000000000000000021e-03,0.000000000000000000e+00
1.000000000000000021e-03,-2.807999999999999829e+00,1.000000000000000021e-03,0.000000000000000000e+00
1.000000000000000021e-03,-3.330999999999999961e+00,0.000000000000000000e+00,1.000000000000000021e-03
1.000000000000000021e-03,-3.527000000000000135e+00,-1.000000000000000021e-03,1.000000000000000021e-03
1.000000000000000021e-03,-3.592000000000000082e+00,0.000000000000000000e+00,-1.000000000000000021e-03
1.000000000000000021e-03,-3.657999999999999918e+00,-1.000000000000000021e-03,0.000000000000000000e+00
1.000000000000000021e-03,-3.787999999999999812e+00,1.000000000000000021e-03,0.000000000000000000e+00
1.000000000000000021e-03,-3.854000000000000092e+00,-1.000000000000000021e-03,-1.000000000000000021e-03
1.000000000000000021e-03,-3.983999999999999986e+00,-1.000000000000000021e-03,0.000000000000000000e+00
1.000000000000000021e-03,-4.310999999999999943e+00,-1.000000000000000021e-03,-0.000000000000000000e+00
1.000000000000000021e-03,-4.440999999999999837e+00,-0.000000000000000000e+00,-0.000000000000000000e+00
1.000000000000000021e-03,-4.506999999999999673e+00,0.000000000000000000e+00,1.000000000000000021e-03
1.000000000000000021e-03,-4.572000000000000064e+00,-1.000000000000000021e-03,0.000000000000000000e+00
1.000000000000000021e-03,-4.636999999999999567e+00,0.000000000000000000e+00,-1.000000000000000021e-03
1.000000000000000021e-03,-4.703000000000000291e+00,1.000000000000000021e-03,-1.000000000000000021e-03
1.000000000000000021e-03,-4.767999999999999794e+00,1.000000000000000021e-03,0.000000000000000000e+00
1.000000000000000021e-03,-4.899000000000000021e+00,-1.000000000000000021e-03,1.000000000000000021e-03
1.000000000000000021e-03,-4.964000000000000412e+00,0.000000000000000000e+00,1.000000000000000021e-03
1.000000000000000021e-03,-5.028999999999999915e+00,-1.000000000000000021e-03,1.000000000000000021e-03
1.000000000000000021e-03,-5.224999999999999645e+00,1.000000000000000021e-03,1.000000000000000021e-03
1.000000000000000021e-03,-5.290000000000000036e+00,-1.000000000000000021e-03,-1.000000000000000021e-03
1.000000000000000021e-03,-5.355999999999999872e+00,-0.000000000000000000e+00,1.000000000000000021e-03
1.000000000000000021e-03,-5.421000000000000263e+00,-1.000000000000000021e-03,0.000000000000000000e+00
1.000000000000000021e-03,-5.485999999999999766e+00,-0.000000000000000000e+00,1.000000000000000021e-03
1.000000000000000021e-03,-5.616999999999999993e+00,0.000000000000000000e+00,-1.000000000000000021e-03
1.000000000000000021e-03,-5.682000000000000384e+00,1.000000000000000021e-03,0.000000000000000000e+00
1.000000000000000021e-03,-5.748000000000000220e+00,-0.000000000000000000e+00,-0.000000000000000000e+00
1.000000000000000021e-03,-5.943999999999999950e+00,-0.000000000000000000e+00,-1.000000000000000021e-03
1.000000000000000021e-03,-6.009000000000000341e+00,0.000000000000000000e+00,1.000000000000000021e-03
1.000000000000000021e-03,-6.073999999999999844e+00,1.000000000000000021e-03,-0.000000000000000000e+00
1.000000000000000021e-03,-6.139000000000000234e+00,0.000000000000000000e+00,1.000000000000000021e-03
1.000000000000000021e-03,-6.334999999999999964e+00,-1.000000000000000021e-03,-1.000000000000000021e-03
1.000000000000000021e-03,-6.530999999999999694e+00,1.000000000000000021e-03,-0.000000000000000000e+00
1.000000000000000021e-03,-6.597000000000000419e+00,1.000000000000000021e-03,0.000000000000000000e+00
1.000000000000000021e-03,-6.727000000000000313e+00,-0.000000000000000000e+00,-1.000000000000000021e-03
1.000000000000000021e-03,-6.793000000000000149e+00,-1.000000000000000021e-03,0.000000000000000000e+00
1.000000000000000021e-03,-6.857999999999999652e+00,1.000000000000000021e-03,0.000000000000000000e+00
1.000000000000000021e-03,-6.923000000000000043e+00,0.000000000000000000e+00,-1.000000000000000021e-03
1.000000000000000021e-03,-6.988999999999999879e+00,-0.000000000000000000e+00,1.000000000000000021e-03
1.000000000000000021e-03,-7.118999999999999773e+00,1.000000000000000021e-03,0.000000000000000000e+00
1.000000000000000021e-03,-7.184999999999999609e+00,-0.000000000000000000e+00,-1.000000000000000021e-03
1.000000000000000021e-03,-7.379999999999999893e+00,-0.000000000000000000e+00,-1.000000000000000021e-03
1.000000000000000021e-03,-7.445999999999999730e+00,0.000000000000000000e+00,1.000000000000000021e-03
1.000000000000000021e-03,-7.511000000000000121e+00,1.000000000000000021e-03,0.000000000000000000e+00
1.000000000000000021e-03,-7.642000000000000348e+00,1.000000000000000021e-03,-0.000000000000000000e+00
1.000000000000000021e-03,-7.772000000000000242e+00,0.000000000000000000e+00,1.000000000000000021e-03
1.000000000000000021e-03,-7.902999999999999581e+00,-1.000000000000000021e-03,0.000000000000000000e+00
1.000000000000000021e-03,-8.099000000000000199e+00,-0.000000000000000000e+00,-0.000000000000000000e+00
1.000000000000000021e-03,-8.163999999999999702e+00,1.000000000000000021e-03,0.000000000000000000e+00
1.000000000000000021e-03,-8.555999999999999162e+00,0.000000000000000000e+00,1.000000000000000021e-03
1.000000000000000021e-03,-8.621000000000000441e+00,-0.000000000000000000e+00,1.000000000000000021e-03
1.000000000000000021e-03,-8.686999999999999389e+00,0.000000000000000000e+00,-0.000000000000000000e+00
1.000000000000000021e-03,-8.817000000000000171e+00,-1.000000000000000021e-03,-1.000000000000000021e-03
1.000000000000000021e-03,-9.012999999999999901e+00,0.000000000000000000e+00,0.000000000000000000e+00
1.000000000000000021e-03,-9.404999999999999361e+00,-1.000000000000000021e-03,0.000000000000000000e+00
1.000000000000000021e-03,-9.470000000000000639e+00,-0.000000000000000000e+00,1.000000000000000021e-03
1.000000000000000021e-03,-9.535999999999999588e+00,-0.000000000000000000e+00,-1.000000000000000021e-03
1.000000000000000021e-03,-9.666000000000000369e+00,0.000000000000000000e+00,-0.000000000000000000e+00
1.000000000000000021e-03,-9.731999999999999318e+00,1.000000000000000021e-03,0.000000000000000000e+00
1.000000000000000021e-03,-1.005799999999999983e+01,-0.000000000000000000e+00,1.000000000000000021e-03
1.000000000000000021e-03,-1.064600000000000080e+01,0.000000000000000000e+00,0.000000000000000000e+00
1.000000000000000021e-03,-1.097300000000000075e+01,-1.000000000000000021e-03,0.000000000000000000e+00
1.000000000000000021e-03,-1.110299999999999976e+01,0.000000000000000000e+00,-1.000000000000000021e-03
1.000000000000000021e-03,-1.123399999999999999e+01,0.000000000000000000e+00,-0.000000000000000000e+00
1.000000000000000021e-03,-1.136500000000000021e+01,-1.000000000000000021e-03,1.000000000000000021e-03
1.000000000000000021e-03,-1.149499999999999922e+01,0.000000000000000000e+00,-1.000000000000000021e-03
1.000000000000000021e-03,-1.156099999999999994e+01,0.000000000000000000e+00,1.000000000000000021e-03
1.000000000000000021e-03,-1.175600000000000023e+01,1.000000000000000021e-03,0.000000000000000000e+00
1.000000000000000021e-03,-1.182199999999999918e+01,-1.000000000000000021e-03,0.000000000000000000e+00
1.000000000000000021e-03,-1.201800000000000068e+01,-0.000000000000000000e+00,1.000000000000000021e-03
1.000000000000000021e-03,-1.286700000000000088e+01,1.000000000000000021e-03,-0.000000000000000000e+00
1.000000000000000021e-03,-1.293200000000000038e+01,-1.000000000000000021e-03,-0.000000000000000000e+00
1.000000000000000021e-03,-1.306300000000000061e+01,0.000000000000000000e+00,0.000000000000000000e+00
1.000000000000000021e-03,-1.319299999999999962e+01,-0.000000000000000000e+00,-1.000000000000000021e-03
1.000000000000000021e-03,-1.325900000000000034e+01,0.000000000000000000e+00,0.000000000000000000e+00
1.000000000000000021e-03,-1.332399999999999984e+01,1.000000000000000021e-03,-0.000000000000000000e+00
1.000000000000000021e-03,-1.345500000000000007e+01,0.000000000000000000e+00,1.000000000000000021e-03
1.000000000000000021e-03,-1.351999999999999957e+01,0.000000000000000000e+00,1.000000000000000021e-03
1.000000000000000021e-03,-1.404199999999999982e+01,1.000000000000000021e-03,-0.000000000000000000e+00
1.000000000000000021e-03,-1.410800000000000054e+01,0.000000000000000000e+00,1.000000000000000021e-03
1.000000000000000021e-03,-1.417300000000000004e+01,-1.000000000000000021e-03,0.000000000000000000e+00
1.000000000000000021e-03,-1.423799999999999955e+01,0.000000000000000000e+00,-0.000000000000000000e+00
1.000000000000000021e-03,-1.463000000000000078e+01,-0.000000000000000000e+00,1.000000000000000021e-03
1.000000000000000021e-03,-1.482600000000000051e+01,0.000000000000000000e+00,0.000000000000000000e+00
1.000000000000000021e-03,-1.495700000000000074e+01,-1.000000000000000021e-03,0.000000000000000000e+00
1.000000000000000021e-03,-1.515300000000000047e+01,-0.000000000000000000e+00,1.000000000000000021e-03
1.000000000000000021e-03,-1.534900000000000020e+01,-1.000000000000000021e-03,0.000000000000000000e+00
1.000000000000000021e-03,-1.541399999999999970e+01,-1.000000000000000021e-03,-0.000000000000000000e+00
1.000000000000000021e-03,-1.547899999999999920e+01,-0.000000000000000000e+00,-1.000000000000000021e-03
1.000000000000000021e-03,-1.580599999999999916e+01,-0.000000000000000000e+00,-0.000000000000000000e+00
1.000000000000000021e-03,-1.587100000000000044e+01,0.000000000000000000e+00,1.000000000000000021e-03
1.000000000000000021e-03,-1.593699999999999939e+01,-1.000000000000000021e-03,-1.000000000000000021e-03
1.000000000000000021e-03,-1.600199999999999889e+01,-1.000000000000000021e-03,-0.000000000000000000e+00
1.000000000000000021e-03,-1.606700000000000017e+01,1.000000000000000021e-03,0.000000000000000000e+00
1.000000000000000021e-03,-1.613299999999999912e+01,0.000000000000000000e+00,-1.000000000000000021e-03
1.000000000000000021e-03,-1.639399999999999835e+01,-0.000000000000000000e+00,-1.000000000000000021e-03
1.000000000000000021e-03,-1.678600000000000136e+01,-0.000000000000000000e+00,-1.000000000000000021e-03
1.000000000000000021e-03,-1.691600000000000037e+01,0.000000000000000000e+00,-0.000000000000000000e+00
1.000000000000000021e-03,-1.717800000000000082e+01,-0.000000000000000000e+00,1.000000000000000021e-03
1.000000000000000021e-03,-1.724299999999999855e+01,-0.000000000000000000e+00,-1.000000000000000021e-03
1.000000000000000021e-03,-1.730799999999999983e+01,1.000000000000000021e-03,-0.000000000000000000e+00
1.000000000000000021e-03,-1.763500000000000156e+01,1.000000000000000021e-03,0.000000000000000000e+00
1.000000000000000021e-03,-1.783099999999999952e+01,-0.000000000000000000e+00,-1.000000000000000021e-03
1.000000000000000021e-03,-1.815700000000000003e+01,-0.000000000000000000e+00,0.000000000000000000e+00
1.000000000000000021e-03,-1.828800000000000026e+01,0.000000000000000000e+00,-0.000000000000000000e+00
1.000000000000000021e-03,-1.861400000000000077e+01,0.000000000000000000e+00,0.000000000000000000e+00
1.000000000000000021e-03,-1.887600000000000122e+01,-1.000000000000000021e-03,-0.000000000000000000e+00
1.000000000000000021e-03,-1.900600000000000023e+01,0.000000000000000000e+00,1.000000000000000021e-03
1.000000000000000021e-03,-1.913700000000000045e+01,-0.000000000000000000e+00,-1.000000000000000021e-03
1.000000000000000021e-03,-1.933299999999999841e+01,0.000000000000000000e+00,0.000000000000000000e+00
1.000000000000000021e-03,-1.985500000000000043e+01,-1.000000000000000021e-03,0.000000000000000000e+00
1.000000000000000021e-03,-1.998600000000000065e+01,1.000000000000000021e-03,0.000000000000000000e+00
1.000000000000000021e-03,-2.011700000000000088e+01,-0.000000000000000000e+00,1.000000000000000021e-03
1.000000000000000021e-03,-2.018199999999999861e+01,-1.000000000000000021e-03,-0.000000000000000000e+00
1.000000000000000021e-03,-2.024699999999999989e+01,-1.000000000000000021e-03,-0.000000000000000000e+00
1.000000000000000021e-03,-2.083500000000000085e+01,-0.000000000000000000e+00,1.000000000000000021e-03
1.000000000000000021e-03,-2.116199999999999903e+01,-1.000000000000000021e-03,-0.000000000000000000e+00
1.000000000000000021e-03,-2.129200000000000159e+01,0.000000000000000000e+00,1.000000000000000021e-03
1.000000000000000021e-03,-2.148799999999999955e+01,-0.000000000000000000e+00,-1.000000000000000021e-03
1.000000000000000021e-03,-2.155399999999999849e+01,-1.000000000000000021e-03,-0.000000000000000000e+00
1.000000000000000021e-03,-2.174899999999999878e+01,-0.000000000000000000e+00,1.000000000000000021e-03
1.000000000000000021e-03,-2.187999999999999901e+01,-0.000000000000000000e+00,-1.000000000000000021e-03
1.000000000000000021e-03,-2.207600000000000051e+01,-1.000000000000000021e-03,-0.000000000000000000e+00
1.000000000000000021e-03,-2.233699999999999974e+01,1.000000000000000021e-03,0.000000000000000000e+00
1.000000000000000021e-03,-2.246799999999999997e+01,-1.000000000000000021e-03,0.000000000000000000e+00
1.000000000000000021e-03,-2.285999999999999943e+01,0.000000000000000000e+00,-1.000000000000000021e-03
1.000000000000000021e-03,-2.292500000000000071e+01,0.000000000000000000e+00,-1.000000000000000021e-03
1.000000000000000021e-03,-2.298999999999999844e+01,0.000000000000000000e+00,1.000000000000000021e-03
1.000000000000000021e-03,-2.312099999999999866e+01,1.000000000000000021e-03,-0.000000000000000000e+00
1.000000000000000021e-03,-2.318599999999999994e+01,1.000000000000000021e-03,0.000000000000000000e+00
1.000000000000000021e-03,-2.338200000000000145e+01,1.000000000000000021e-03,-0.000000000000000000e+00
1.000000000000000021e-03,-2.344800000000000040e+01,0.000000000000000000e+00,1.000000000000000021e-03
1.000000000000000021e-03,-2.351300000000000168e+01,-0.000000000000000000e+00,1.000000000000000021e-03
1.000000000000000021e-03,-2.357799999999999940e+01,-1.000000000000000021e-03,1.000000000000000021e-03
1.000000000000000021e-03,-2.377400000000000091e+01,-1.000000000000000021e-03,1.000000000000000021e-03
1.000000000000000021e-03,-2.383999999999999986e+01,-0.000000000000000000e+00,-0.000000000000000000e+00
1.000000000000000021e-03,-2.390500000000000114e+01,-1.000000000000000021e-03,-1.000000000000000021e-03
1.000000000000000021e-03,-2.403500000000000014e+01,0.000000000000000000e+00,-0.000000000000000000e+00
1.000000000000000021e-03,-2.423100000000000165e+01,1.000000000000000021e-03,-0.000000000000000000e+00
1.000000000000000021e-03,-2.449299999999999855e+01,0.000000000000000000e+00,1.000000000000000021e-03
1.000000000000000021e-03,-2.468900000000000006e+01,1.000000000000000021e-03,1.000000000000000021e-03
1.000000000000000021e-03,-2.475400000000000134e+01,-1.000000000000000021e-03,-0.000000000000000000e+00
1.000000000000000021e-03,-2.481899999999999906e+01,-1.000000000000000021e-03,0.000000000000000000e+00
1.000000000000000021e-03,-2.488500000000000156e+01,1.000000000000000021e-03,-0.000000000000000000e+00
1.000000000000000021e-03,-2.527599999999999980e+01,-0.000000000000000000e+00,1.000000000000000021e-03
1.000000000000000021e-03,-2.540700000000000003e+01,-1.000000000000000021e-03,0.000000000000000000e+00
1.000000000000000021e-03,-2.547200000000000131e+01,-1.000000000000000021e-03,-1.000000000000000021e-03
1.000000000000000021e-03,-2.560300000000000153e+01,1.000000000000000021e-03,-0.000000000000000000e+00
1.000000000000000021e-03,-2.566799999999999926e+01,-1.000000000000000021e-03,-0.000000000000000000e+00
1.000000000000000021e-03,-2.573400000000000176e+01,-0.000000000000000000e+00,-1.000000000000000021e-03
1.000000000000000021e-03,-2.579899999999999949e+01,1.000000000000000021e-03,-1.000000000000000021e-03
1.000000000000000021e-03,-2.586400000000000077e+01,1.000000000000000021e-03,-0.000000000000000000e+00
1.000000000000000021e-03,-2.605999999999999872e+01,0.000000000000000000e+00,-0.000000000000000000e+00
1.000000000000000021e-03,-2.619099999999999895e+01,0.000000000000000000e+00,1.000000000000000021e-03
1.000000000000000021e-03,-2.632100000000000151e+01,-1.000000000000000021e-03,-1.000000000000000021e-03
1.000000000000000021e-03,-2.638700000000000045e+01,1.000000000000000021e-03,-0.000000000000000000e+00
1.000000000000000021e-03,-2.645200000000000173e+01,1.000000000000000021e-03,0.000000000000000000e+00
1.000000000000000021e-03,-2.651699999999999946e+01,-0.000000000000000000e+00,0.000000000000000000e+00
1.000000000000000021e-03,-2.664799999999999969e+01,1.000000000000000021e-03,0.000000000000000000e+00
1.000000000000000021e-03,-2.677899999999999991e+01,-1.000000000000000021e-03,0.000000000000000000e+00
1.000000000000000021e-03,-2.684400000000000119e+01,-1.000000000000000021e-03,0.000000000000000000e+00
1.000000000000000021e-03,-2.697500000000000142e+01,-1.000000000000000021e-03,0.000000000000000000e+00
1.000000000000000021e-03,-2.717099999999999937e+01,0.000000000000000000e+00,-1.000000000000000021e-03
1.000000000000000021e-03,-2.749699999999999989e+01,1.000000000000000021e-03,-1.000000000000000021e-03
1.000000000000000021e-03,-2.756200000000000117e+01,1.000000000000000021e-03,1.000000000000000021e-03
1.000000000000000021e-03,-2.782400000000000162e+01,-1.000000000000000021e-03,0.000000000000000000e+00
1.000000000000000021e-03,-2.788899999999999935e+01,-1.000000000000000021e-03,1.000000000000000021e-03
1.000000000000000021e-03,-2.795400000000000063e+01,0.000000000000000000e+00,-1.000000000000000021e-03
1.000000000000000021e-03,-2.808500000000000085e+01,1.000000000000000021e-03,-0.000000000000000000e+00
1.000000000000000021e-03,-2.821600000000000108e+01,-1.000000000000000021e-03,1.000000000000000021e-03
1.000000000000000021e-03,-2.828099999999999881e+01,-1.000000000000000021e-03,0.000000000000000000e+00
1.000000000000000021e-03,-2.834600000000000009e+01,1.000000000000000021e-03,-0.000000000000000000e+00
1.000000000000000021e-03,-2.854200000000000159e+01,-1.000000000000000021e-03,-1.000000000000000021e-03
1.000000000000000021e-03,-2.860699999999999932e+01,-1.000000000000000021e-03,-0.000000000000000000e+00
1.000000000000000021e-03,-2.867299999999999827e+01,1.000000000000000021e-03,-0.000000000000000000e+00
1.000000000000000021e-03,-2.873799999999999955e+01,-1.000000000000000021e-03,-1.000000000000000021e-03
1.000000000000000021e-03,-2.886899999999999977e+01,1.000000000000000021e-03,-1.000000000000000021e-03
1.000000000000000021e-03,-2.906500000000000128e+01,0.000000000000000000e+00,-0.000000000000000000e+00
1.000000000000000021e-03,-2.912999999999999901e+01,-1.000000000000000021e-03,-0.000000000000000000e+00
1.000000000000000021e-03,-2.926099999999999923e+01,0.000000000000000000e+00,-1.000000000000000021e-03
1.000000000000000021e-03,-2.939099999999999824e+01,1.000000000000000021e-03,-0.000000000000000000e+00
1.000000000000000021e-03,-2.945700000000000074e+01,0.000000000000000000e+00,-0.000000000000000000e+00
1.000000000000000021e-03,-2.958699999999999974e+01,1.000000000000000021e-03,-0.000000000000000000e+00
1.000000000000000021e-03,-2.965200000000000102e+01,0.000000000000000000e+00,1.000000000000000021e-03
1.000000000000000021e-03,-2.984799999999999898e+01,-0.000000000000000000e+00,1.000000000000000021e-03
1.000000000000000021e-03,-2.997899999999999920e+01,0.000000000000000000e+00,1.000000000000000021e-03
1.000000000000000021e-03,-3.030600000000000094e+01,-0.000000000000000000e+00,1.000000000000000021e-03
1.000000000000000021e-03,-3.037099999999999866e+01,-0.000000000000000000e+00,1.000000000000000021e-03
1.000000000000000021e-03,-3.043599999999999994e+01,0.000000000000000000e+00,1.000000000000000021e-03
1.000000000000000021e-03,-3.050199999999999889e+01,-1.000000000000000021e-03,-0.000000000000000000e+00
1.000000000000000021e-03,-3.069699999999999918e+01,-1.000000000000000021e-03,-0.000000000000000000e+00
1.000000000000000021e-03,-3.082799999999999940e+01,0.000000000000000000e+00,-1.000000000000000021e-03
1.000000000000000021e-03,-3.108899999999999864e+01,-0.000000000000000000e+00,-0.000000000000000000e+00
1.000000000000000021e-03,-3.115500000000000114e+01,-1.000000000000000021e-03,-0.000000000000000000e+00
1.000000000000000021e-03,-3.135099999999999909e+01,1.000000000000000021e-03,-0.000000000000000000e+00
1.000000000000000021e-03,-3.141600000000000037e+01,1.000000000000000021e-03,-1.000000000000000021e-03
0.000000000000000000e+00,3.128500000000000014e+01,0.000000000000000000e+00,-0.000000000000000000e+00
0.000000000000000000e+00,3.115500000000000114e+01,0.000000000000000000e+00,0.000000000000000000e+00
0.000000000000000000e+00,3.089300000000000068e+01,-0.000000000000000000e+00,0.000000000000000000e+00
0.000000000000000000e+00,3.076300000000000168e+01,-0.000000000000000000e+00,0.000000000000000000e+00
0.000000000000000000e+00,3.069699999999999918e+01,0.000000000000000000e+00,0.000000000000000000e+00
0.000000000000000000e+00,3.056700000000000017e+01,-0.000000000000000000e+00,0.000000000000000000e+00
0.000000000000000000e+00,3.043599999999999994e+01,0.000000000000000000e+00,-0.000000000000000000e+00
0.000000000000000000e+00,3.017500000000000071e+01,-0.000000000000000000e+00,0.000000000000000000e+00
0.000000000000000000e+00,3.010999999999999943e+01,0.000000000000000000e+00,0.000000000000000000e+00
0.000000000000000000e+00,2.997899999999999920e+01,-0.000000000000000000e+00,0.000000000000000000e+00
0.000000000000000000e+00,2.991400000000000148e+01,0.000000000000000000e+00,0.000000000000000000e+00
0.000000000000000000e+00,2.978300000000000125e+01,-0.000000000000000000e+00,-0.000000000000000000e+00
0.000000000000000000e+00,2.971799999999999997e+01,-0.000000000000000000e+00,-0.000000000000000000e+00
0.000000000000000000e+00,2.958699999999999974e+01,-0.000000000000000000e+00,-0.000000000000000000e+00
0.000000000000000000e+00,2.952199999999999847e+01,0.000000000000000000e+00,-0.000000000000000000e+00
0.000000000000000000e+00,2.932600000000000051e+01,-0.000000000000000000e+00,-0.000000000000000000e+00
0.000000000000000000e+00,2.926099999999999923e+01,0.000000000000000000e+00,-0.000000000000000000e+00
0.000000000000000000e+00,2.919500000000000028e+01,-0.000000000000000000e+00,-0.000000000000000000e+00
0.000000000000000000e+00,2.912999999999999901e+01,-0.000000000000000000e+00,0.000000000000000000e+00
0.000000000000000000e+00,2.906500000000000128e+01,0.000000000000000000e+00,-0.000000000000000000e+00
0.000000000000000000e+00,2.873799999999999955e+01,0.000000000000000000e+00,-0.000000000000000000e+00
0.000000000000000000e+00,2.867299999999999827e+01,-0.000000000000000000e+00,0.000000000000000000e+00
0.000000000000000000e+00,2.860699999999999932e+01,0.000000000000000000e+00,0.000000000000000000e+00
0.000000000000000000e+00,2.847700000000000031e+01,0.000000000000000000e+00,0.000000000000000000e+00
0.000000000000000000e+00,2.808500000000000085e+01,0.000000000000000000e+00,-0.000000000000000000e+00
0.000000000000000000e+00,2.795400000000000063e+01,-0.000000000000000000e+00,0.000000000000000000e+00
0.000000000000000000e+00,2.775799999999999912e+01,-0.000000000000000000e+00,0.000000000000000000e+00
0.000000000000000000e+00,2.769300000000000139e+01,0.000000000000000000e+00,0.000000000000000000e+00
0.000000000000000000e+00,2.749699999999999989e+01,0.000000000000000000e+00,-0.000000000000000000e+00
0.000000000000000000e+00,2.736599999999999966e+01,-0.000000000000000000e+00,0.000000000000000000e+00
0.000000000000000000e+00,2.730099999999999838e+01,-0.000000000000000000e+00,-0.000000000000000000e+00
0.000000000000000000e+00,2.710500000000000043e+01,0.000000000000000000e+00,-0.000000000000000000e+00
0.000000000000000000e+00,2.703999999999999915e+01,-0.000000000000000000e+00,-0.000000000000000000e+00
0.000000000000000000e+00,2.690899999999999892e+01,-0.000000000000000000e+00,-0.000000000000000000e+00
0.000000000000000000e+00,2.684400000000000119e+01,0.000000000000000000e+00,0.000000000000000000e+00
0.000000000000000000e+00,2.677899999999999991e+01,0.000000000000000000e+00,0.000000000000000000e+00
0.000000000000000000e+00,2.658299999999999841e+01,0.000000000000000000e+00,0.000000000000000000e+00
0.000000000000000000e+00,2.632100000000000151e+01,0.000000000000000000e+00,-0.000000000000000000e+00
0.000000000000000000e+00,2.625600000000000023e+01,-0.000000000000000000e+00,0.000000000000000000e+00
0.000000000000000000e+00,2.612600000000000122e+01,0.000000000000000000e+00,-0.000000000000000000e+00
0.000000000000000000e+00,2.605999999999999872e+01,-0.000000000000000000e+00,0.000000000000000000e+00
0.000000000000000000e+00,2.599500000000000099e+01,-0.000000000000000000e+00,-0.000000000000000000e+00
0.000000000000000000e+00,2.592999999999999972e+01,0.000000000000000000e+00,-0.000000000000000000e+00
0.000000000000000000e+00,2.586400000000000077e+01,-0.000000000000000000e+00,-0.000000000000000000e+00
0.000000000000000000e+00,2.566799999999999926e+01,0.000000000000000000e+00,0.000000000000000000e+00
0.000000000000000000e+00,2.521099999999999852e+01,0.000000000000000000e+00,0.000000000000000000e+00
0.000000000000000000e+00,2.488500000000000156e+01,0.000000000000000000e+00,-0.000000000000000000e+00
0.000000000000000000e+00,2.462300000000000111e+01,-0.000000000000000000e+00,0.000000000000000000e+00
0.000000000000000000e+00,2.455799999999999983e+01,-0.000000000000000000e+00,-0.000000000000000000e+00
0.000000000000000000e+00,2.442699999999999960e+01,0.000000000000000000e+00,0.000000000000000000e+00
0.000000000000000000e+00,2.436199999999999832e+01,0.000000000000000000e+00,-0.000000000000000000e+00
0.000000000000000000e+00,2.429700000000000060e+01,-0.000000000000000000e+00,-0.000000000000000000e+00
0.000000000000000000e+00,2.416600000000000037e+01,0.000000000000000000e+00,0.000000000000000000e+00
0.000000000000000000e+00,2.396999999999999886e+01,0.000000000000000000e+00,0.000000000000000000e+00
0.000000000000000000e+00,2.325199999999999889e+01,-0.000000000000000000e+00,-0.000000000000000000e+00
0.000000000000000000e+00,2.318599999999999994e+01,-0.000000000000000000e+00,-0.000000000000000000e+00
0.000000000000000000e+00,2.305600000000000094e+01,-0.000000000000000000e+00,-0.000000000000000000e+00
0.000000000000000000e+00,2.298999999999999844e+01,-0.000000000000000000e+00,-0.000000000000000000e+00
0.000000000000000000e+00,2.292500000000000071e+01,0.000000000000000000e+00,0.000000000000000000e+00
0.000000000000000000e+00,2.285999999999999943e+01,0.000000000000000000e+00,-0.000000000000000000e+00
0.000000000000000000e+00,2.279500000000000171e+01,0.000000000000000000e+00,-0.000000000000000000e+00
0.000000000000000000e+00,2.266400000000000148e+01,0.000000000000000000e+00,-0.000000000000000000e+00
0.000000000000000000e+00,2.259900000000000020e+01,-0.000000000000000000e+00,-0.000000000000000000e+00
0.000000000000000000e+00,2.253300000000000125e+01,0.000000000000000000e+00,0.000000000000000000e+00
0.000000000000000000e+00,2.246799999999999997e+01,0.000000000000000000e+00,0.000000000000000000e+00
0.000000000000000000e+00,2.240299999999999869e+01,-0.000000000000000000e+00,0.000000000000000000e+00
0.000000000000000000e+00,2.227199999999999847e+01,0.000000000000000000e+00,-0.000000000000000000e+00
0.000000000000000000e+00,2.220700000000000074e+01,-0.000000000000000000e+00,-0.000000000000000000e+00
0.000000000000000000e+00,2.214099999999999824e+01,-0.000000000000000000e+00,-0.000000000000000000e+00
0.000000000000000000e+00,2.201099999999999923e+01,0.000000000000000000e+00,0.000000000000000000e+00
0.000000000000000000e+00,2.194500000000000028e+01,-0.000000000000000000e+00,0.000000000000000000e+00
0.000000000000000000e+00,2.181500000000000128e+01,-0.000000000000000000e+00,-0.000000000000000000e+00
0.000000000000000000e+00,2.168400000000000105e+01,-0.000000000000000000e+00,-0.000000000000000000e+00
0.000000000000000000e+00,2.135800000000000054e+01,0.000000000000000000e+00,0.000000000000000000e+00
0.000000000000000000e+00,2.129200000000000159e+01,0.000000000000000000e+00,0.000000000000000000e+00
0.000000000000000000e+00,2.109600000000000009e+01,0.000000000000000000e+00,-0.000000000000000000e+00
0.000000000000000000e+00,2.103099999999999881e+01,0.000000000000000000e+00,0.000000000000000000e+00
0.000000000000000000e+00,2.096600000000000108e+01,-0.000000000000000000e+00,0.000000000000000000e+00
0.000000000000000000e+00,2.089999999999999858e+01,-0.000000000000000000e+00,-0.000000000000000000e+00
0.000000000000000000e+00,2.083500000000000085e+01,-0.000000000000000000e+00,0.000000000000000000e+00
0.000000000000000000e+00,2.070400000000000063e+01,0.000000000000000000e+00,0.000000000000000000e+00
0.000000000000000000e+00,2.063899999999999935e+01,0.000000000000000000e+00,-0.000000000000000000e+00
0.000000000000000000e+00,2.057400000000000162e+01,0.000000000000000000e+00,-0.000000000000000000e+00
0.000000000000000000e+00,2.050900000000000034e+01,0.000000000000000000e+00,-0.000000000000000000e+00
0.000000000000000000e+00,2.044300000000000139e+01,-0.000000000000000000e+00,0.000000000000000000e+00
0.000000000000000000e+00,2.037800000000000011e+01,0.000000000000000000e+00,-0.000000000000000000e+00
0.000000000000000000e+00,2.031299999999999883e+01,0.000000000000000000e+00,0.000000000000000000e+00
0.000000000000000000e+00,2.018199999999999861e+01,-0.000000000000000000e+00,0.000000000000000000e+00
0.000000000000000000e+00,2.011700000000000088e+01,-0.000000000000000000e+00,-0.000000000000000000e+00
0.000000000000000000e+00,2.005099999999999838e+01,0.000000000000000000e+00,-0.000000000000000000e+00
0.000000000000000000e+00,1.998600000000000065e+01,0.000000000000000000e+00,0.000000000000000000e+00
0.000000000000000000e+00,1.992099999999999937e+01,-0.000000000000000000e+00,0.000000000000000000e+00
0.000000000000000000e+00,1.978999999999999915e+01,0.000000000000000000e+00,0.000000000000000000e+00
0.000000000000000000e+00,1.972500000000000142e+01,-0.000000000000000000e+00,-0.000000000000000000e+00
0.000000000000000000e+00,1.965899999999999892e+01,0.000000000000000000e+00,-0.000000000000000000e+00
0.000000000000000000e+00,1.959400000000000119e+01,0.000000000000000000e+00,-0.000000000000000000e+00
0.000000000000000000e+00,1.952899999999999991e+01,-0.000000000000000000e+00,0.000000000000000000e+00
0.000000000000000000e+00,1.939799999999999969e+01,-0.000000000000000000e+00,-0.000000000000000000e+00
0.000000000000000000e+00,1.926800000000000068e+01,0.000000000000000000e+00,0.000000000000000000e+00
0.000000000000000000e+00,1.920200000000000173e+01,-0.000000000000000000e+00,-0.000000000000000000e+00
0.000000000000000000e+00,1.907199999999999918e+01,0.000000000000000000e+00,0.000000000000000000e+00
0.000000000000000000e+00,1.894099999999999895e+01,-0.000000000000000000e+00,0.000000000000000000e+00
0.000000000000000000e+00,1.880999999999999872e+01,0.000000000000000000e+00,0.000000000000000000e+00
0.000000000000000000e+00,1.874500000000000099e+01,-0.000000000000000000e+00,-0.000000000000000000e+00
0.000000000000000000e+00,1.867999999999999972e+01,-0.000000000000000000e+00,-0.000000000000000000e+00
0.000000000000000000e+00,1.848400000000000176e+01,0.000000000000000000e+00,-0.000000000000000000e+00
0.000000000000000000e+00,1.841799999999999926e+01,-0.000000000000000000e+00,-0.000000000000000000e+00
0.000000000000000000e+00,1.828800000000000026e+01,0.000000000000000000e+00,0.000000000000000000e+00
0.000000000000000000e+00,1.822299999999999898e+01,-0.000000000000000000e+00,0.000000000000000000e+00
0.000000000000000000e+00,1.815700000000000003e+01,-0.000000000000000000e+00,-0.000000000000000000e+00
0.000000000000000000e+00,1.809199999999999875e+01,0.000000000000000000e+00,-0.000000000000000000e+00
0.000000000000000000e+00,1.802700000000000102e+01,-0.000000000000000000e+00,-0.000000000000000000e+00
0.000000000000000000e+00,1.796099999999999852e+01,-0.000000000000000000e+00,0.000000000000000000e+00
0.000000000000000000e+00,1.789600000000000080e+01,0.000000000000000000e+00,-0.000000000000000000e+00
0.000000000000000000e+00,1.783099999999999952e+01,-0.000000000000000000e+00,0.000000000000000000e+00
0.000000000000000000e+00,1.776500000000000057e+01,0.000000000000000000e+00,-0.000000000000000000e+00
0.000000000000000000e+00,1.769999999999999929e+01,0.000000000000000000e+00,-0.000000000000000000e+00
0.000000000000000000e+00,1.763500000000000156e+01,0.000000000000000000e+00,-0.000000000000000000e+00
0.000000000000000000e+00,1.756899999999999906e+01,-0.000000000000000000e+00,-0.000000000000000000e+00
0.000000000000000000e+00,1.743900000000000006e+01,-0.000000000000000000e+00,0.000000000000000000e+00
0.000000000000000000e+00,1.730799999999999983e+01,0.000000000000000000e+00,-0.000000000000000000e+00
0.000000000000000000e+00,1.724299999999999855e+01,-0.000000000000000000e+00,0.000000000000000000e+00
0.000000000000000000e+00,1.711199999999999832e+01,0.000000000000000000e+00,-0.000000000000000000e+00
0.000000000000000000e+00,1.704700000000000060e+01,0.000000000000000000e+00,-0.000000000000000000e+00
0.000000000000000000e+00,1.698199999999999932e+01,0.000000000000000000e+00,-0.000000000000000000e+00
0.000000000000000000e+00,1.685099999999999909e+01,-0.000000000000000000e+00,0.000000000000000000e+00
0.000000000000000000e+00,1.671999999999999886e+01,0.000000000000000000e+00,-0.000000000000000000e+00
0.000000000000000000e+00,1.665500000000000114e+01,0.000000000000000000e+00,0.000000000000000000e+00
0.000000000000000000e+00,1.652400000000000091e+01,-0.000000000000000000e+00,0.000000000000000000e+00
0.000000000000000000e+00,1.632799999999999940e+01,0.000000000000000000e+00,-0.000000000000000000e+00
0.000000000000000000e+00,1.626300000000000168e+01,-0.000000000000000000e+00,-0.000000000000000000e+00
0.000000000000000000e+00,1.619800000000000040e+01,-0.000000000000000000e+00,0.000000000000000000e+00
0.000000000000000000e+00,1.606700000000000017e+01,0.000000000000000000e+00,-0.000000000000000000e+00
0.000000000000000000e+00,1.600199999999999889e+01,0.000000000000000000e+00,0.000000000000000000e+00
0.000000000000000000e+00,1.587100000000000044e+01,0.000000000000000000e+00,-0.000000000000000000e+00
0.000000000000000000e+00,1.574099999999999966e+01,-0.000000000000000000e+00,0.000000000000000000e+00
0.000000000000000000e+00,1.567500000000000071e+01,0.000000000000000000e+00,-0.000000000000000000e+00
0.000000000000000000e+00,1.560999999999999943e+01,0.000000000000000000e+00,0.000000000000000000e+00
0.000000000000000000e+00,1.554499999999999993e+01,-0.000000000000000000e+00,-0.000000000000000000e+00
0.000000000000000000e+00,1.534900000000000020e+01,-0.000000000000000000e+00,-0.000000000000000000e+00
0.000000000000000000e+00,1.528299999999999947e+01,-0.000000000000000000e+00,0.000000000000000000e+00
0.000000000000000000e+00,1.521799999999999997e+01,-0.000000000000000000e+00,0.000000000000000000e+00
0.000000000000000000e+00,1.515300000000000047e+01,0.000000000000000000e+00,-0.000000000000000000e+00
0.000000000000000000e+00,1.502200000000000024e+01,-0.000000000000000000e+00,-0.000000000000000000e+00
0.000000000000000000e+00,1.495700000000000074e+01,-0.000000000000000000e+00,-0.000000000000000000e+00
0.000000000000000000e+00,1.482600000000000051e+01,-0.000000000000000000e+00,0.000000000000000000e+00
0.000000000000000000e+00,1.469599999999999973e+01,0.000000000000000000e+00,-0.000000000000000000e+00
0.000000000000000000e+00,1.456499999999999950e+01,0.000000000000000000e+00,0.000000000000000000e+00
0.000000000000000000e+00,1.450000000000000000e+01,0.000000000000000000e+00,-0.000000000000000000e+00
0.000000000000000000e+00,1.443399999999999928e+01,0.000000000000000000e+00,-0.000000000000000000e+00
0.000000000000000000e+00,1.436899999999999977e+01,-0.000000000000000000e+00,0.000000000000000000e+00
0.000000000000000000e+00,1.417300000000000004e+01,-0.000000000000000000e+00,0.000000000000000000e+00
0.000000000000000000e+00,1.410800000000000054e+01,0.000000000000000000e+00,-0.000000000000000000e+00
0.000000000000000000e+00,1.404199999999999982e+01,0.000000000000000000e+00,0.000000000000000000e+00
0.000000000000000000e+00,1.397700000000000031e+01,-0.000000000000000000e+00,0.000000000000000000e+00
0.000000000000000000e+00,1.391200000000000081e+01,-0.000000000000000000e+00,-0.000000000000000000e+00
0.000000000000000000e+00,1.384699999999999953e+01,0.000000000000000000e+00,-0.000000000000000000e+00
0.000000000000000000e+00,1.378100000000000058e+01,-0.000000000000000000e+00,0.000000000000000000e+00
0.000000000000000000e+00,1.358500000000000085e+01,0.000000000000000000e+00,0.000000000000000000e+00
0.000000000000000000e+00,1.345500000000000007e+01,0.000000000000000000e+00,-0.000000000000000000e+00
0.000000000000000000e+00,1.338899999999999935e+01,-0.000000000000000000e+00,-0.000000000000000000e+00
0.000000000000000000e+00,1.332399999999999984e+01,0.000000000000000000e+00,-0.000000000000000000e+00
0.000000000000000000e+00,1.325900000000000034e+01,0.000000000000000000e+00,0.000000000000000000e+00
0.000000000000000000e+00,1.319299999999999962e+01,-0.000000000000000000e+00,0.000000000000000000e+00
0.000000000000000000e+00,1.312800000000000011e+01,0.000000000000000000e+00,-0.000000000000000000e+00
0.000000000000000000e+00,1.299699999999999989e+01,-0.000000000000000000e+00,0.000000000000000000e+00
0.000000000000000000e+00,1.286700000000000088e+01,-0.000000000000000000e+00,-0.000000000000000000e+00
0.000000000000000000e+00,1.280199999999999960e+01,0.000000000000000000e+00,0.000000000000000000e+00
0.000000000000000000e+00,1.273600000000000065e+01,0.000000000000000000e+00,-0.000000000000000000e+00
0.000000000000000000e+00,1.267099999999999937e+01,0.000000000000000000e+00,0.000000000000000000e+00
0.000000000000000000e+00,1.247499999999999964e+01,0.000000000000000000e+00,0.000000000000000000e+00
0.000000000000000000e+00,1.234399999999999942e+01,0.000000000000000000e+00,0.000000000000000000e+00
0.000000000000000000e+00,1.227899999999999991e+01,0.000000000000000000e+00,0.000000000000000000e+00
0.000000000000000000e+00,1.214799999999999969e+01,0.000000000000000000e+00,-0.000000000000000000e+00
0.000000000000000000e+00,1.208300000000000018e+01,-0.000000000000000000e+00,0.000000000000000000e+00
0.000000000000000000e+00,1.201800000000000068e+01,-0.000000000000000000e+00,0.000000000000000000e+00
0.000000000000000000e+00,1.195199999999999996e+01,0.000000000000000000e+00,-0.000000000000000000e+00
0.000000000000000000e+00,1.175600000000000023e+01,-0.000000000000000000e+00,-0.000000000000000000e+00
0.000000000000000000e+00,1.169100000000000072e+01,-0.000000000000000000e+00,-0.000000000000000000e+00
0.000000000000000000e+00,1.162599999999999945e+01,0.000000000000000000e+00,-0.000000000000000000e+00
0.000000000000000000e+00,1.142999999999999972e+01,0.000000000000000000e+00,-0.000000000000000000e+00
0.000000000000000000e+00,1.129899999999999949e+01,-0.000000000000000000e+00,0.000000000000000000e+00
0.000000000000000000e+00,1.123399999999999999e+01,0.000000000000000000e+00,0.000000000000000000e+00
0.000000000000000000e+00,1.116900000000000048e+01,0.000000000000000000e+00,-0.000000000000000000e+00
0.000000000000000000e+00,1.110299999999999976e+01,0.000000000000000000e+00,0.000000000000000000e+00
0.000000000000000000e+00,1.103800000000000026e+01,-0.000000000000000000e+00,0.000000000000000000e+00
0.000000000000000000e+00,1.097300000000000075e+01,-0.000000000000000000e+00,0.000000000000000000e+00
0.000000000000000000e+00,1.084200000000000053e+01,-0.000000000000000000e+00,-0.000000000000000000e+00
0.000000000000000000e+00,1.071100000000000030e+01,-0.000000000000000000e+00,0.000000000000000000e+00
0.000000000000000000e+00,1.058099999999999952e+01,0.000000000000000000e+00,0.000000000000000000e+00
0.000000000000000000e+00,1.038499999999999979e+01,0.000000000000000000e+00,0.000000000000000000e+00
0.000000000000000000e+00,1.025399999999999956e+01,-0.000000000000000000e+00,-0.000000000000000000e+00
0.000000000000000000e+00,1.018900000000000006e+01,0.000000000000000000e+00,0.000000000000000000e+00
0.000000000000000000e+00,9.928000000000000824e+00,0.000000000000000000e+00,0.000000000000000000e+00
0.000000000000000000e+00,9.666000000000000369e+00,-0.000000000000000000e+00,0.000000000000000000e+00
0.000000000000000000e+00,9.601000000000000867e+00,0.000000000000000000e+00,0.000000000000000000e+00
0.000000000000000000e+00,9.535999999999999588e+00,0.000000000000000000e+00,-0.000000000000000000e+00
0.000000000000000000e+00,9.470000000000000639e+00,0.000000000000000000e+00,-0.000000000000000000e+00
0.000000000000000000e+00,9.404999999999999361e+00,-0.000000000000000000e+00,0.000000000000000000e+00
0.000000000000000000e+00,9.339999999999999858e+00,-0.000000000000000000e+00,-0.000000000000000000e+00
0.000000000000000000e+00,9.012999999999999901e+00,0.000000000000000000e+00,-0.000000000000000000e+00
0.000000000000000000e+00,8.882999999999999119e+00,0.000000000000000000e+00,0.000000000000000000e+00
0.000000000000000000e+00,8.621000000000000441e+00,-0.000000000000000000e+00,0.000000000000000000e+00
0.000000000000000000e+00,8.555999999999999162e+00,0.000000000000000000e+00,0.000000000000000000e+00
0.000000000000000000e+00,8.490999999999999659e+00,0.000000000000000000e+00,-0.000000000000000000e+00
0.000000000000000000e+00,8.425000000000000711e+00,-0.000000000000000000e+00,0.000000000000000000e+00
0.000000000000000000e+00,8.359999999999999432e+00,-0.000000000000000000e+00,-0.000000000000000000e+00
0.000000000000000000e+00,8.163999999999999702e+00,0.000000000000000000e+00,-0.000000000000000000e+00
0.000000000000000000e+00,7.902999999999999581e+00,0.000000000000000000e+00,-0.000000000000000000e+00
0.000000000000000000e+00,7.838000000000000078e+00,-0.000000000000000000e+00,-0.000000000000000000e+00
0.000000000000000000e+00,7.772000000000000242e+00,0.000000000000000000e+00,-0.000000000000000000e+00
0.000000000000000000e+00,7.706999999999999851e+00,-0.000000000000000000e+00,-0.000000000000000000e+00
0.000000000000000000e+00,7.642000000000000348e+00,0.000000000000000000e+00,-0.000000000000000000e+00
0.000000000000000000e+00,7.511000000000000121e+00,-0.000000000000000000e+00,0.000000000000000000e+00
0.000000000000000000e+00,7.379999999999999893e+00,0.000000000000000000e+00,0.000000000000000000e+00
0.000000000000000000e+00,7.315000000000000391e+00,-0.000000000000000000e+00,-0.000000000000000000e+00
0.000000000000000000e+00,7.118999999999999773e+00,0.000000000000000000e+00,-0.000000000000000000e+00
0.000000000000000000e+00,7.054000000000000270e+00,-0.000000000000000000e+00,-0.000000000000000000e+00
0.000000000000000000e+00,6.988999999999999879e+00,0.000000000000000000e+00,-0.000000000000000000e+00
0.000000000000000000e+00,6.793000000000000149e+00,0.000000000000000000e+00,-0.000000000000000000e+00
0.000000000000000000e+00,6.727000000000000313e+00,0.000000000000000000e+00,0.000000000000000000e+00
0.000000000000000000e+00,6.466000000000000192e+00,-0.000000000000000000e+00,0.000000000000000000e+00
0.000000000000000000e+00,6.400999999999999801e+00,-0.000000000000000000e+00,0.000000000000000000e+00
0.000000000000000000e+00,5.748000000000000220e+00,0.000000000000000000e+00,0.000000000000000000e+00
0.000000000000000000e+00,5.224999999999999645e+00,-0.000000000000000000e+00,-0.000000000000000000e+00
0.000000000000000000e+00,4.310999999999999943e+00,-0.000000000000000000e+00,-0.000000000000000000e+00
0.000000000000000000e+00,-2.089999999999999858e+00,-0.000000000000000000e+00,-0.000000000000000000e+00
0.000000000000000000e+00,-3.266000000000000014e+00,-0.000000000000000000e+00,-0.000000000000000000e+00
0.000000000000000000e+00,-4.115000000000000213e+00,0.000000000000000000e+00,-0.000000000000000000e+00
0.000000000000000000e+00,-4.245000000000000107e+00,0.000000000000000000e+00,-0.000000000000000000e+00
0.000000000000000000e+00,-4.833000000000000185e+00,-0.000000000000000000e+00,-0.000000000000000000e+00
0.000000000000000000e+00,-5.094000000000000306e+00,-0.000000000000000000e+00,-0.000000000000000000e+00
0.000000000000000000e+00,-5.551999999999999602e+00,-0.000000000000000000e+00,-0.000000000000000000e+00
0.000000000000000000e+00,-5.812999999999999723e+00,-0.000000000000000000e+00,-0.000000000000000000e+00
0.000000000000000000e+00,-5.878000000000000114e+00,-0.000000000000000000e+00,0.000000000000000000e+00
0.000000000000000000e+00,-6.205000000000000071e+00,0.000000000000000000e+00,-0.000000000000000000e+00
0.000000000000000000e+00,-6.269999999999999574e+00,-0.000000000000000000e+00,-0.000000000000000000e+00
0.000000000000000000e+00,-6.400999999999999801e+00,-0.000000000000000000e+00,-0.000000000000000000e+00
0.000000000000000000e+00,-6.466000000000000192e+00,-0.000000000000000000e+00,-0.000000000000000000e+00
0.000000000000000000e+00,-6.661999999999999922e+00,0.000000000000000000e+00,0.000000000000000000e+00
0.000000000000000000e+00,-7.054000000000000270e+00,0.000000000000000000e+00,0.000000000000000000e+00
0.000000000000000000e+00,-7.250000000000000000e+00,0.000000000000000000e+00,0.000000000000000000e+00
0.000000000000000000e+00,-7.315000000000000391e+00,-0.000000000000000000e+00,0.000000000000000000e+00
0.000000000000000000e+00,-7.575999999999999623e+00,-0.000000000000000000e+00,0.000000000000000000e+00
0.000000000000000000e+00,-7.706999999999999851e+00,0.000000000000000000e+00,0.000000000000000000e+00
0.000000000000000000e+00,-7.838000000000000078e+00,-0.000000000000000000e+00,-0.000000000000000000e+00
0.000000000000000000e+00,-7.967999999999999972e+00,0.000000000000000000e+00,-0.000000000000000000e+00
0.000000000000000000e+00,-8.034000000000000696e+00,-0.000000000000000000e+00,0.000000000000000000e+00
0.000000000000000000e+00,-8.230000000000000426e+00,0.000000000000000000e+00,0.000000000000000000e+00
0.000000000000000000e+00,-8.294999999999999929e+00,0.000000000000000000e+00,-0.000000000000000000e+00
0.000000000000000000e+00,-8.359999999999999432e+00,-0.000000000000000000e+00,-0.000000000000000000e+00
0.000000000000000000e+00,-8.425000000000000711e+00,-0.000000000000000000e+00,0.000000000000000000e+00
0.000000000000000000e+00,-8.490999999999999659e+00,0.000000000000000000e+00,-0.000000000000000000e+00
0.000000000000000000e+00,-8.752000000000000668e+00,0.000000000000000000e+00,0.000000000000000000e+00
0.000000000000000000e+00,-8.882999999999999119e+00,0.000000000000000000e+00,0.000000000000000000e+00
0.000000000000000000e+00,-8.948000000000000398e+00,-0.000000000000000000e+00,0.000000000000000000e+00
0.000000000000000000e+00,-9.079000000000000625e+00,-0.000000000000000000e+00,-0.000000000000000000e+00
0.000000000000000000e+00,-9.144000000000000128e+00,-0.000000000000000000e+00,0.000000000000000000e+00
0.000000000000000000e+00,-9.208999999999999631e+00,-0.000000000000000000e+00,-0.000000000000000000e+00
0.000000000000000000e+00,-9.275000000000000355e+00,0.000000000000000000e+00,-0.000000000000000000e+00
0.000000000000000000e+00,-9.339999999999999858e+00,0.000000000000000000e+00,-0.000000000000000000e+00
0.000000000000000000e+00,-9.601000000000000867e+00,0.000000000000000000e+00,-0.000000000000000000e+00
0.000000000000000000e+00,-9.797000000000000597e+00,-0.000000000000000000e+00,-0.000000000000000000e+00
0.000000000000000000e+00,-9.862000000000000099e+00,0.000000000000000000e+00,0.000000000000000000e+00
0.000000000000000000e+00,-9.928000000000000824e+00,-0.000000000000000000e+00,-0.000000000000000000e+00
0.000000000000000000e+00,-9.993000000000000327e+00,0.000000000000000000e+00,-0.000000000000000000e+00
0.000000000000000000e+00,-1.012400000000000055e+01,0.000000000000000000e+00,0.000000000000000000e+00
0.000000000000000000e+00,-1.018900000000000006e+01,0.000000000000000000e+00,-0.000000000000000000e+00
0.000000000000000000e+00,-1.025399999999999956e+01,0.000000000000000000e+00,0.000000000000000000e+00
0.000000000000000000e+00,-1.032000000000000028e+01,-0.000000000000000000e+00,-0.000000000000000000e+00
0.000000000000000000e+00,-1.038499999999999979e+01,0.000000000000000000e+00,-0.000000000000000000e+00
0.000000000000000000e+00,-1.044999999999999929e+01,0.000000000000000000e+00,0.000000000000000000e+00
0.000000000000000000e+00,-1.051600000000000001e+01,-0.000000000000000000e+00,-0.000000000000000000e+00
0.000000000000000000e+00,-1.058099999999999952e+01,0.000000000000000000e+00,0.000000000000000000e+00
0.000000000000000000e+00,-1.071100000000000030e+01,0.000000000000000000e+00,-0.000000000000000000e+00
0.000000000000000000e+00,-1.077699999999999925e+01,0.000000000000000000e+00,0.000000000000000000e+00
0.000000000000000000e+00,-1.084200000000000053e+01,0.000000000000000000e+00,0.000000000000000000e+00
0.000000000000000000e+00,-1.090700000000000003e+01,-0.000000000000000000e+00,-0.000000000000000000e+00
0.000000000000000000e+00,-1.103800000000000026e+01,-0.000000000000000000e+00,0.000000000000000000e+00
0.000000000000000000e+00,-1.116900000000000048e+01,0.000000000000000000e+00,0.000000000000000000e+00
0.000000000000000000e+00,-1.129899999999999949e+01,0.000000000000000000e+00,-0.000000000000000000e+00
0.000000000000000000e+00,-1.142999999999999972e+01,0.000000000000000000e+00,-0.000000000000000000e+00
0.000000000000000000e+00,-1.162599999999999945e+01,0.000000000000000000e+00,0.000000000000000000e+00
0.000000000000000000e+00,-1.169100000000000072e+01,-0.000000000000000000e+00,0.000000000000000000e+00
0.000000000000000000e+00,-1.188700000000000045e+01,-0.000000000000000000e+00,-0.000000000000000000e+00
0.000000000000000000e+00,-1.195199999999999996e+01,-0.000000000000000000e+00,0.000000000000000000e+00
0.000000000000000000e+00,-1.208300000000000018e+01,-0.000000000000000000e+00,0.000000000000000000e+00
0.000000000000000000e+00,-1.214799999999999969e+01,-0.000000000000000000e+00,0.000000000000000000e+00
0.000000000000000000e+00,-1.221400000000000041e+01,-0.000000000000000000e+00,-0.000000000000000000e+00
0.000000000000000000e+00,-1.227899999999999991e+01,0.000000000000000000e+00,-0.000000000000000000e+00
0.000000000000000000e+00,-1.234399999999999942e+01,0.000000000000000000e+00,0.000000000000000000e+00
0.000000000000000000e+00,-1.241000000000000014e+01,-0.000000000000000000e+00,-0.000000000000000000e+00
0.000000000000000000e+00,-1.247499999999999964e+01,-0.000000000000000000e+00,0.000000000000000000e+00
0.000000000000000000e+00,-1.253999999999999915e+01,-0.000000000000000000e+00,-0.000000000000000000e+00
0.000000000000000000e+00,-1.260599999999999987e+01,-0.000000000000000000e+00,-0.000000000000000000e+00
0.000000000000000000e+00,-1.267099999999999937e+01,0.000000000000000000e+00,0.000000000000000000e+00
0.000000000000000000e+00,-1.273600000000000065e+01,-0.000000000000000000e+00,-0.000000000000000000e+00
0.000000000000000000e+00,-1.280199999999999960e+01,0.000000000000000000e+00,-0.000000000000000000e+00
0.000000000000000000e+00,-1.299699999999999989e+01,-0.000000000000000000e+00,-0.000000000000000000e+00
0.000000000000000000e+00,-1.312800000000000011e+01,0.000000000000000000e+00,0.000000000000000000e+00
0.000000000000000000e+00,-1.338899999999999935e+01,-0.000000000000000000e+00,-0.000000000000000000e+00
0.000000000000000000e+00,-1.358500000000000085e+01,-0.000000000000000000e+00,0.000000000000000000e+00
0.000000000000000000e+00,-1.365099999999999980e+01,-0.000000000000000000e+00,-0.000000000000000000e+00
0.000000000000000000e+00,-1.371599999999999930e+01,0.000000000000000000e+00,-0.000000000000000000e+00
0.000000000000000000e+00,-1.378100000000000058e+01,-0.000000000000000000e+00,0.000000000000000000e+00
0.000000000000000000e+00,-1.384699999999999953e+01,0.000000000000000000e+00,0.000000000000000000e+00
0.000000000000000000e+00,-1.391200000000000081e+01,-0.000000000000000000e+00,0.000000000000000000e+00
0.000000000000000000e+00,-1.397700000000000031e+01,-0.000000000000000000e+00,-0.000000000000000000e+00
0.000000000000000000e+00,-1.430400000000000027e+01,-0.000000000000000000e+00,0.000000000000000000e+00
0.000000000000000000e+00,-1.436899999999999977e+01,-0.000000000000000000e+00,-0.000000000000000000e+00
0.000000000000000000e+00,-1.443399999999999928e+01,0.000000000000000000e+00,0.000000000000000000e+00
0.000000000000000000e+00,-1.450000000000000000e+01,0.000000000000000000e+00,-0.000000000000000000e+00
0.000000000000000000e+00,-1.456499999999999950e+01,0.000000000000000000e+00,0.000000000000000000e+00
0.000000000000000000e+00,-1.469599999999999973e+01,-0.000000000000000000e+00,0.000000000000000000e+00
0.000000000000000000e+00,-1.476099999999999923e+01,-0.000000000000000000e+00,0.000000000000000000e+00
0.000000000000000000e+00,-1.489199999999999946e+01,-0.000000000000000000e+00,-0.000000000000000000e+00
0.000000000000000000e+00,-1.502200000000000024e+01,0.000000000000000000e+00,0.000000000000000000e+00
0.000000000000000000e+00,-1.508699999999999974e+01,-0.000000000000000000e+00,0.000000000000000000e+00
0.000000000000000000e+00,-1.521799999999999997e+01,0.000000000000000000e+00,-0.000000000000000000e+00
0.000000000000000000e+00,-1.528299999999999947e+01,0.000000000000000000e+00,0.000000000000000000e+00
0.000000000000000000e+00,-1.554499999999999993e+01,0.000000000000000000e+00,0.000000000000000000e+00
0.000000000000000000e+00,-1.560999999999999943e+01,-0.000000000000000000e+00,-0.000000000000000000e+00
0.000000000000000000e+00,-1.567500000000000071e+01,0.000000000000000000e+00,0.000000000000000000e+00
0.000000000000000000e+00,-1.574099999999999966e+01,0.000000000000000000e+00,-0.000000000000000000e+00
0.000000000000000000e+00,-1.619800000000000040e+01,-0.000000000000000000e+00,-0.000000000000000000e+00
0.000000000000000000e+00,-1.626300000000000168e+01,-0.000000000000000000e+00,0.000000000000000000e+00
0.000000000000000000e+00,-1.632799999999999940e+01,0.000000000000000000e+00,0.000000000000000000e+00
0.000000000000000000e+00,-1.645899999999999963e+01,-0.000000000000000000e+00,-0.000000000000000000e+00
0.000000000000000000e+00,-1.652400000000000091e+01,0.000000000000000000e+00,0.000000000000000000e+00
0.000000000000000000e+00,-1.658999999999999986e+01,-0.000000000000000000e+00,-0.000000000000000000e+00
0.000000000000000000e+00,-1.665500000000000114e+01,-0.000000000000000000e+00,0.000000000000000000e+00
0.000000000000000000e+00,-1.671999999999999886e+01,0.000000000000000000e+00,-0.000000000000000000e+00
0.000000000000000000e+00,-1.685099999999999909e+01,0.000000000000000000e+00,-0.000000000000000000e+00
0.000000000000000000e+00,-1.698199999999999932e+01,-0.000000000000000000e+00,0.000000000000000000e+00
0.000000000000000000e+00,-1.704700000000000060e+01,-0.000000000000000000e+00,-0.000000000000000000e+00
0.000000000000000000e+00,-1.711199999999999832e+01,0.000000000000000000e+00,-0.000000000000000000e+00
0.000000000000000000e+00,-1.737300000000000111e+01,0.000000000000000000e+00,-0.000000000000000000e+00
0.000000000000000000e+00,-1.743900000000000006e+01,-0.000000000000000000e+00,0.000000000000000000e+00
0.000000000000000000e+00,-1.750400000000000134e+01,-0.000000000000000000e+00,-0.000000000000000000e+00
0.000000000000000000e+00,-1.756899999999999906e+01,-0.000000000000000000e+00,-0.000000000000000000e+00
0.000000000000000000e+00,-1.769999999999999929e+01,0.000000000000000000e+00,0.000000000000000000e+00
0.000000000000000000e+00,-1.776500000000000057e+01,-0.000000000000000000e+00,0.000000000000000000e+00
0.000000000000000000e+00,-1.789600000000000080e+01,0.000000000000000000e+00,0.000000000000000000e+00
0.000000000000000000e+00,-1.796099999999999852e+01,-0.000000000000000000e+00,-0.000000000000000000e+00
0.000000000000000000e+00,-1.802700000000000102e+01,-0.000000000000000000e+00,0.000000000000000000e+00
0.000000000000000000e+00,-1.809199999999999875e+01,0.000000000000000000e+00,0.000000000000000000e+00
0.000000000000000000e+00,-1.822299999999999898e+01,-0.000000000000000000e+00,-0.000000000000000000e+00
0.000000000000000000e+00,-1.835300000000000153e+01,0.000000000000000000e+00,-0.000000000000000000e+00
0.000000000000000000e+00,-1.841799999999999926e+01,-0.000000000000000000e+00,0.000000000000000000e+00
0.000000000000000000e+00,-1.848400000000000176e+01,-0.000000000000000000e+00,0.000000000000000000e+00
0.000000000000000000e+00,-1.854899999999999949e+01,0.000000000000000000e+00,0.000000000000000000e+00
0.000000000000000000e+00,-1.867999999999999972e+01,0.000000000000000000e+00,-0.000000000000000000e+00
0.000000000000000000e+00,-1.874500000000000099e+01,0.000000000000000000e+00,0.000000000000000000e+00
0.000000000000000000e+00,-1.880999999999999872e+01,-0.000000000000000000e+00,0.000000000000000000e+00
0.000000000000000000e+00,-1.894099999999999895e+01,-0.000000000000000000e+00,-0.000000000000000000e+00
0.000000000000000000e+00,-1.907199999999999918e+01,-0.000000000000000000e+00,-0.000000000000000000e+00
0.000000000000000000e+00,-1.920200000000000173e+01,0.000000000000000000e+00,-0.000000000000000000e+00
0.000000000000000000e+00,-1.926800000000000068e+01,0.000000000000000000e+00,-0.000000000000000000e+00
0.000000000000000000e+00,-1.939799999999999969e+01,-0.000000000000000000e+00,-0.000000000000000000e+00
0.000000000000000000e+00,-1.946399999999999864e+01,-0.000000000000000000e+00,0.000000000000000000e+00
0.000000000000000000e+00,-1.952899999999999991e+01,0.000000000000000000e+00,-0.000000000000000000e+00
0.000000000000000000e+00,-1.959400000000000119e+01,-0.000000000000000000e+00,0.000000000000000000e+00
0.000000000000000000e+00,-1.965899999999999892e+01,0.000000000000000000e+00,0.000000000000000000e+00
0.000000000000000000e+00,-1.972500000000000142e+01,-0.000000000000000000e+00,-0.000000000000000000e+00
0.000000000000000000e+00,-1.978999999999999915e+01,0.000000000000000000e+00,0.000000000000000000e+00
0.000000000000000000e+00,-1.992099999999999937e+01,-0.000000000000000000e+00,0.000000000000000000e+00
0.000000000000000000e+00,-2.005099999999999838e+01,0.000000000000000000e+00,0.000000000000000000e+00
0.000000000000000000e+00,-2.031299999999999883e+01,0.000000000000000000e+00,0.000000000000000000e+00
0.000000000000000000e+00,-2.037800000000000011e+01,-0.000000000000000000e+00,0.000000000000000000e+00
0.000000000000000000e+00,-2.044300000000000139e+01,-0.000000000000000000e+00,0.000000000000000000e+00
0.000000000000000000e+00,-2.050900000000000034e+01,0.000000000000000000e+00,-0.000000000000000000e+00
0.000000000000000000e+00,-2.057400000000000162e+01,-0.000000000000000000e+00,0.000000000000000000e+00
0.000000000000000000e+00,-2.063899999999999935e+01,0.000000000000000000e+00,-0.000000000000000000e+00
0.000000000000000000e+00,-2.070400000000000063e+01,-0.000000000000000000e+00,-0.000000000000000000e+00
0.000000000000000000e+00,-2.076999999999999957e+01,-0.000000000000000000e+00,-0.000000000000000000e+00
0.000000000000000000e+00,-2.089999999999999858e+01,0.000000000000000000e+00,0.000000000000000000e+00
0.000000000000000000e+00,-2.096600000000000108e+01,-0.000000000000000000e+00,-0.000000000000000000e+00
0.000000000000000000e+00,-2.103099999999999881e+01,0.000000000000000000e+00,-0.000000000000000000e+00
0.000000000000000000e+00,-2.109600000000000009e+01,-0.000000000000000000e+00,0.000000000000000000e+00
0.000000000000000000e+00,-2.122700000000000031e+01,-0.000000000000000000e+00,0.000000000000000000e+00
0.000000000000000000e+00,-2.135800000000000054e+01,-0.000000000000000000e+00,-0.000000000000000000e+00
0.000000000000000000e+00,-2.142299999999999827e+01,-0.000000000000000000e+00,0.000000000000000000e+00
0.000000000000000000e+00,-2.161899999999999977e+01,0.000000000000000000e+00,-0.000000000000000000e+00
0.000000000000000000e+00,-2.168400000000000105e+01,0.000000000000000000e+00,-0.000000000000000000e+00
0.000000000000000000e+00,-2.181500000000000128e+01,0.000000000000000000e+00,-0.000000000000000000e+00
0.000000000000000000e+00,-2.194500000000000028e+01,0.000000000000000000e+00,0.000000000000000000e+00
0.000000000000000000e+00,-2.201099999999999923e+01,-0.000000000000000000e+00,-0.000000000000000000e+00
0.000000000000000000e+00,-2.214099999999999824e+01,0.000000000000000000e+00,0.000000000000000000e+00
0.000000000000000000e+00,-2.220700000000000074e+01,0.000000000000000000e+00,-0.000000000000000000e+00
0.000000000000000000e+00,-2.227199999999999847e+01,0.000000000000000000e+00,-0.000000000000000000e+00
0.000000000000000000e+00,-2.240299999999999869e+01,-0.000000000000000000e+00,0.000000000000000000e+00
0.000000000000000000e+00,-2.253300000000000125e+01,-0.000000000000000000e+00,0.000000000000000000e+00
0.000000000000000000e+00,-2.259900000000000020e+01,-0.000000000000000000e+00,0.000000000000000000e+00
0.000000000000000000e+00,-2.266400000000000148e+01,0.000000000000000000e+00,0.000000000000000000e+00
0.000000000000000000e+00,-2.272899999999999920e+01,-0.000000000000000000e+00,-0.000000000000000000e+00
0.000000000000000000e+00,-2.279500000000000171e+01,-0.000000000000000000e+00,-0.000000000000000000e+00
0.000000000000000000e+00,-2.305600000000000094e+01,-0.000000000000000000e+00,-0.000000000000000000e+00
0.000000000000000000e+00,-2.325199999999999889e+01,0.000000000000000000e+00,-0.000000000000000000e+00
0.000000000000000000e+00,-2.331700000000000017e+01,0.000000000000000000e+00,-0.000000000000000000e+00
0.000000000000000000e+00,-2.364399999999999835e+01,0.000000000000000000e+00,0.000000000000000000e+00
0.000000000000000000e+00,-2.370899999999999963e+01,-0.000000000000000000e+00,-0.000000000000000000e+00
0.000000000000000000e+00,-2.396999999999999886e+01,0.000000000000000000e+00,0.000000000000000000e+00
0.000000000000000000e+00,-2.410099999999999909e+01,-0.000000000000000000e+00,0.000000000000000000e+00
0.000000000000000000e+00,-2.416600000000000037e+01,-0.000000000000000000e+00,-0.000000000000000000e+00
0.000000000000000000e+00,-2.429700000000000060e+01,0.000000000000000000e+00,0.000000000000000000e+00
0.000000000000000000e+00,-2.436199999999999832e+01,-0.000000000000000000e+00,-0.000000000000000000e+00
0.000000000000000000e+00,-2.442699999999999960e+01,-0.000000000000000000e+00,0.000000000000000000e+00
0.000000000000000000e+00,-2.455799999999999983e+01,-0.000000000000000000e+00,-0.000000000000000000e+00
0.000000000000000000e+00,-2.462300000000000111e+01,-0.000000000000000000e+00,0.000000000000000000e+00
0.000000000000000000e+00,-2.494999999999999929e+01,-0.000000000000000000e+00,0.000000000000000000e+00
0.000000000000000000e+00,-2.501500000000000057e+01,-0.000000000000000000e+00,-0.000000000000000000e+00
0.000000000000000000e+00,-2.507999999999999829e+01,-0.000000000000000000e+00,-0.000000000000000000e+00
0.000000000000000000e+00,-2.514600000000000080e+01,0.000000000000000000e+00,-0.000000000000000000e+00
0.000000000000000000e+00,-2.521099999999999852e+01,-0.000000000000000000e+00,0.000000000000000000e+00
0.000000000000000000e+00,-2.534199999999999875e+01,-0.000000000000000000e+00,0.000000000000000000e+00
0.000000000000000000e+00,-2.553800000000000026e+01,-0.000000000000000000e+00,-0.000000000000000000e+00
0.000000000000000000e+00,-2.592999999999999972e+01,-0.000000000000000000e+00,0.000000000000000000e+00
0.000000000000000000e+00,-2.599500000000000099e+01,0.000000000000000000e+00,0.000000000000000000e+00
0.000000000000000000e+00,-2.612600000000000122e+01,-0.000000000000000000e+00,-0.000000000000000000e+00
0.000000000000000000e+00,-2.625600000000000023e+01,0.000000000000000000e+00,-0.000000000000000000e+00
0.000000000000000000e+00,-2.658299999999999841e+01,0.000000000000000000e+00,0.000000000000000000e+00
0.000000000000000000e+00,-2.671300000000000097e+01,0.000000000000000000e+00,0.000000000000000000e+00
0.000000000000000000e+00,-2.690899999999999892e+01,-0.000000000000000000e+00,-0.000000000000000000e+00
0.000000000000000000e+00,-2.703999999999999915e+01,0.000000000000000000e+00,0.000000000000000000e+00
0.000000000000000000e+00,-2.710500000000000043e+01,0.000000000000000000e+00,-0.000000000000000000e+00
0.000000000000000000e+00,-2.723600000000000065e+01,-0.000000000000000000e+00,-0.000000000000000000e+00
0.000000000000000000e+00,-2.730099999999999838e+01,0.000000000000000000e+00,0.000000000000000000e+00
0.000000000000000000e+00,-2.736599999999999966e+01,-0.000000000000000000e+00,-0.000000000000000000e+00
0.000000000000000000e+00,-2.743199999999999861e+01,0.000000000000000000e+00,0.000000000000000000e+00
0.000000000000000000e+00,-2.762800000000000011e+01,-0.000000000000000000e+00,0.000000000000000000e+00
0.000000000000000000e+00,-2.769300000000000139e+01,-0.000000000000000000e+00,-0.000000000000000000e+00
0.000000000000000000e+00,-2.775799999999999912e+01,0.000000000000000000e+00,0.000000000000000000e+00
0.000000000000000000e+00,-2.801999999999999957e+01,0.000000000000000000e+00,-0.000000000000000000e+00
0.000000000000000000e+00,-2.814999999999999858e+01,-0.000000000000000000e+00,-0.000000000000000000e+00
0.000000000000000000e+00,-2.841100000000000136e+01,-0.000000000000000000e+00,0.000000000000000000e+00
0.000000000000000000e+00,-2.847700000000000031e+01,-0.000000000000000000e+00,0.000000000000000000e+00
0.000000000000000000e+00,-2.880300000000000082e+01,0.000000000000000000e+00,0.000000000000000000e+00
0.000000000000000000e+00,-2.893400000000000105e+01,-0.000000000000000000e+00,0.000000000000000000e+00
0.000000000000000000e+00,-2.899899999999999878e+01,-0.000000000000000000e+00,0.000000000000000000e+00
0.000000000000000000e+00,-2.919500000000000028e+01,0.000000000000000000e+00,0.000000000000000000e+00
0.000000000000000000e+00,-2.932600000000000051e+01,-0.000000000000000000e+00,-0.000000000000000000e+00
0.000000000000000000e+00,-2.952199999999999847e+01,0.000000000000000000e+00,0.000000000000000000e+00
0.000000000000000000e+00,-2.971799999999999997e+01,0.000000000000000000e+00,-0.000000000000000000e+00
0.000000000000000000e+00,-2.978300000000000125e+01,0.000000000000000000e+00,0.000000000000000000e+00
0.000000000000000000e+00,-2.991400000000000148e+01,-0.000000000000000000e+00,-0.000000000000000000e+00
0.000000000000000000e+00,-3.004400000000000048e+01,0.000000000000000000e+00,0.000000000000000000e+00
0.000000000000000000e+00,-3.010999999999999943e+01,-0.000000000000000000e+00,-0.000000000000000000e+00
0.000000000000000000e+00,-3.017500000000000071e+01,0.000000000000000000e+00,-0.000000000000000000e+00
0.000000000000000000e+00,-3.023999999999999844e+01,0.000000000000000000e+00,-0.000000000000000000e+00
0.000000000000000000e+00,-3.056700000000000017e+01,-0.000000000000000000e+00,0.000000000000000000e+00
0.000000000000000000e+00,-3.063200000000000145e+01,-0.000000000000000000e+00,-0.000000000000000000e+00
0.000000000000000000e+00,-3.076300000000000168e+01,0.000000000000000000e+00,-0.000000000000000000e+00
0.000000000000000000e+00,-3.089300000000000068e+01,0.000000000000000000e+00,0.000000000000000000e+00
0.000000000000000000e+00,-3.095899999999999963e+01,0.000000000000000000e+00,0.000000000000000000e+00
0.000000000000000000e+00,-3.102400000000000091e+01,-0.000000000000000000e+00,0.000000000000000000e+00
0.000000000000000000e+00,-3.121999999999999886e+01,-0.000000000000000000e+00,-0.000000000000000000e+00
0.000000000000000000e+00,-3.128500000000000014e+01,-0.000000000000000000e+00,-0.000000000000000000e+00
