2.826999999999999957e+00,7.760000000000000231e-02,-5.827999999999999847e-01,2.766300000000000203e+00
1.383299999999999974e+00,1.550999999999999879e-01,-9.073999999999999844e-01,1.044100000000000028e+00
1.126500000000000057e+00,-2.326999999999999902e-01,-8.277999999999999803e-01,-7.641000000000000014e-01
7.916999999999999593e-01,-1.550999999999999879e-01,6.150999999999999801e-01,4.984000000000000097e-01
7.859000000000000430e-01,3.103000000000000203e-01,-7.851000000000000201e-01,3.379999999999999671e-02
5.735999999999999988e-01,-7.760000000000000231e-02,-4.067000000000000060e-01,-4.045000000000000262e-01
4.630000000000000226e-01,-3.103000000000000203e-01,-1.486000000000000099e-01,-4.385000000000000009e-01
3.610999999999999766e-01,2.326999999999999902e-01,3.513999999999999901e-01,-8.309999999999999332e-02
2.983999999999999986e-01,-4.653999999999999804e-01,2.965999999999999748e-01,-3.280000000000000276e-02
2.949999999999999845e-01,-3.879000000000000226e-01,-7.370000000000000162e-02,2.857000000000000095e-01
2.940999999999999726e-01,0.000000000000000000e+00,5.899999999999999863e-03,2.940999999999999726e-01
1.690000000000000113e-01,6.206000000000000405e-01,1.259000000000000119e-01,1.126999999999999946e-01
1.673999999999999932e-01,4.653999999999999804e-01,5.750000000000000250e-02,1.572000000000000064e-01
1.373999999999999944e-01,6.981000000000000538e-01,4.170000000000000095e-02,1.310000000000000053e-01
1.298999999999999877e-01,5.430000000000000382e-01,4.240000000000000019e-02,-1.228000000000000064e-01
1.236000000000000015e-01,-5.430000000000000382e-01,1.549999999999999989e-02,1.226000000000000006e-01
1.165000000000000063e-01,-7.756999999999999451e-01,-1.136000000000000065e-01,-2.610000000000000167e-02
1.092000000000000054e-01,3.879000000000000226e-01,-4.320000000000000229e-02,1.003000000000000003e-01
6.750000000000000444e-02,-1.008399999999999963e+00,3.899999999999999821e-03,-6.740000000000000158e-02
6.210000000000000242e-02,-6.206000000000000405e-01,-2.819999999999999937e-02,5.530000000000000193e-02
5.979999999999999899e-02,9.307999999999999607e-01,-5.519999999999999907e-02,-2.309999999999999901e-02
4.780000000000000221e-02,8.532999999999999474e-01,-2.400000000000000050e-02,-4.139999999999999930e-02
3.919999999999999873e-02,1.008399999999999963e+00,3.780000000000000027e-02,-1.020000000000000073e-02
3.889999999999999708e-02,1.163599999999999968e+00,-3.080000000000000099e-02,2.390000000000000110e-02
3.860000000000000236e-02,7.756999999999999451e-01,2.500000000000000052e-03,-3.860000000000000236e-02
3.819999999999999785e-02,1.086000000000000076e+00,3.160000000000000309e-02,-2.139999999999999888e-02
3.289999999999999869e-02,1.551399999999999890e+00,4.599999999999999922e-03,3.259999999999999704e-02
2.340000000000000066e-02,-1.473799999999999999e+00,-1.529999999999999936e-02,-1.770000000000000046e-02
2.290000000000000022e-02,-1.086000000000000076e+00,-1.170000000000000033e-02,1.969999999999999876e-02
2.019999999999999921e-02,1.473799999999999999e+00,-2.019999999999999921e-02,2.999999999999999737e-04
1.810000000000000150e-02,-6.981000000000000538e-01,8.099999999999999561e-03,1.609999999999999973e-02
1.760000000000000106e-02,1.318699999999999983e+00,-1.280000000000000061e-02,1.209999999999999964e-02
1.720000000000000001e-02,2.016799999999999926e+00,-1.700000000000000122e-02,-2.200000000000000133e-03
1.640000000000000138e-02,-1.163599999999999968e+00,1.250000000000000069e-02,1.050000000000000065e-02
1.580000000000000154e-02,1.939300000000000024e+00,1.569999999999999868e-02,-2.200000000000000133e-03
1.480000000000000066e-02,1.706499999999999906e+00,1.480000000000000066e-02,4.000000000000000192e-04
1.450000000000000074e-02,-1.396300000000000097e+00,6.799999999999999621e-03,-1.280000000000000061e-02
1.389999999999999916e-02,-1.241100000000000092e+00,9.900000000000000813e-03,9.799999999999999684e-03
1.370000000000000037e-02,1.784100000000000019e+00,1.370000000000000037e-02,2.000000000000000096e-04
1.359999999999999924e-02,-1.629000000000000004e+00,5.100000000000000366e-03,1.260000000000000009e-02
1.290000000000000001e-02,-1.706499999999999906e+00,5.000000000000000104e-03,1.190000000000000085e-02
1.140000000000000041e-02,1.241100000000000092e+00,-9.299999999999999239e-03,6.700000000000000226e-03
1.129999999999999928e-02,-8.532999999999999474e-01,-5.000000000000000104e-03,1.020000000000000073e-02
1.069999999999999944e-02,-9.307999999999999607e-01,-7.700000000000000247e-03,-7.499999999999999722e-03
1.030000000000000013e-02,-1.939300000000000024e+00,-1.030000000000000013e-02,0.000000000000000000e+00
1.000000000000000021e-02,-2.404700000000000060e+00,9.299999999999999239e-03,3.700000000000000164e-03
8.500000000000000611e-03,-2.792499999999999982e+00,1.299999999999999940e-03,8.399999999999999481e-03
8.099999999999999561e-03,2.094399999999999817e+00,-7.000000000000000146e-03,-4.100000000000000346e-03
8.000000000000000167e-03,2.947700000000000209e+00,6.599999999999999964e-03,-4.499999999999999660e-03
7.499999999999999722e-03,3.180400000000000116e+00,-7.100000000000000408e-03,-2.200000000000000133e-03
7.499999999999999722e-03,2.404700000000000060e+00,2.599999999999999881e-03,7.000000000000000146e-03
7.400000000000000328e-03,2.637399999999999967e+00,8.000000000000000383e-04,7.300000000000000065e-03
7.199999999999999803e-03,-1.318699999999999983e+00,1.799999999999999951e-03,7.000000000000000146e-03
7.100000000000000408e-03,-2.016799999999999926e+00,-3.700000000000000164e-03,-6.100000000000000387e-03
7.100000000000000408e-03,-2.172000000000000153e+00,1.199999999999999895e-03,-7.000000000000000146e-03
5.799999999999999600e-03,2.792499999999999982e+00,5.300000000000000024e-03,-2.399999999999999790e-03
5.499999999999999681e-03,2.482200000000000184e+00,-2.299999999999999961e-03,5.100000000000000366e-03
5.499999999999999681e-03,2.249499999999999833e+00,-4.300000000000000003e-03,3.500000000000000073e-03
5.300000000000000024e-03,2.870099999999999874e+00,5.199999999999999761e-03,6.999999999999999929e-04
5.300000000000000024e-03,-2.094399999999999817e+00,-1.000000000000000021e-03,-5.199999999999999761e-03
5.300000000000000024e-03,-2.559800000000000075e+00,2.099999999999999870e-03,-4.899999999999999842e-03
5.199999999999999761e-03,2.714999999999999858e+00,-2.700000000000000143e-03,4.499999999999999660e-03
4.799999999999999580e-03,1.629000000000000004e+00,4.700000000000000185e-03,1.100000000000000066e-03
4.700000000000000185e-03,1.396300000000000097e+00,1.199999999999999895e-03,-4.599999999999999922e-03
4.700000000000000185e-03,-2.714999999999999858e+00,-1.600000000000000077e-03,-4.499999999999999660e-03
4.599999999999999922e-03,3.490699999999999914e+00,4.199999999999999740e-03,2.000000000000000042e-03
4.499999999999999660e-03,2.327100000000000168e+00,5.999999999999999474e-04,-4.499999999999999660e-03
4.000000000000000083e-03,4.111200000000000188e+00,8.999999999999999754e-04,-4.000000000000000083e-03
3.899999999999999821e-03,3.800899999999999945e+00,-1.000000000000000048e-04,3.899999999999999821e-03
3.799999999999999992e-03,4.266399999999999970e+00,-3.700000000000000164e-03,-8.999999999999999754e-04
3.799999999999999992e-03,3.568200000000000038e+00,-2.799999999999999972e-03,2.500000000000000052e-03
3.799999999999999992e-03,-1.551399999999999890e+00,-2.899999999999999800e-03,-2.500000000000000052e-03
3.700000000000000164e-03,-2.947700000000000209e+00,3.500000000000000073e-03,1.399999999999999986e-03
3.599999999999999901e-03,3.025199999999999889e+00,2.899999999999999800e-03,-2.099999999999999870e-03
3.599999999999999901e-03,2.172000000000000153e+00,2.399999999999999790e-03,-2.700000000000000143e-03
3.399999999999999811e-03,-2.249499999999999833e+00,4.000000000000000192e-04,3.399999999999999811e-03
3.299999999999999982e-03,2.559800000000000075e+00,-3.200000000000000153e-03,-1.000000000000000021e-03
3.299999999999999982e-03,1.861699999999999910e+00,-1.199999999999999895e-03,-3.099999999999999891e-03
3.299999999999999982e-03,-4.033599999999999852e+00,-2.299999999999999961e-03,2.399999999999999790e-03
3.200000000000000153e-03,3.257899999999999796e+00,-1.899999999999999996e-03,-2.599999999999999881e-03
3.000000000000000062e-03,-3.335500000000000131e+00,2.399999999999999790e-03,1.699999999999999905e-03
2.899999999999999800e-03,-2.637399999999999967e+00,-2.200000000000000133e-03,-1.899999999999999996e-03
2.899999999999999800e-03,-3.257899999999999796e+00,-5.999999999999999474e-04,-2.799999999999999972e-03
2.799999999999999972e-03,-5.197199999999999598e+00,2.000000000000000096e-04,2.799999999999999972e-03
2.700000000000000143e-03,5.197199999999999598e+00,1.100000000000000066e-03,-2.500000000000000052e-03
2.700000000000000143e-03,-5.119600000000000151e+00,-2.200000000000000133e-03,1.600000000000000077e-03
2.599999999999999881e-03,3.335500000000000131e+00,-2.200000000000000133e-03,-1.299999999999999940e-03
2.599999999999999881e-03,-3.180400000000000116e+00,-2.500000000000000052e-03,-5.000000000000000104e-04
2.599999999999999881e-03,-3.490699999999999914e+00,-1.399999999999999986e-03,2.099999999999999870e-03
2.599999999999999881e-03,-4.809400000000000119e+00,2.500000000000000052e-03,-8.999999999999999754e-04
2.500000000000000052e-03,4.188799999999999635e+00,2.200000000000000133e-03,1.100000000000000066e-03
2.500000000000000052e-03,4.033599999999999852e+00,1.699999999999999905e-03,-1.799999999999999951e-03
2.399999999999999790e-03,5.507500000000000284e+00,-1.199999999999999895e-03,2.099999999999999870e-03
2.399999999999999790e-03,3.956100000000000172e+00,2.299999999999999961e-03,6.999999999999999929e-04
2.399999999999999790e-03,3.413100000000000023e+00,-1.500000000000000031e-03,1.899999999999999996e-03
2.299999999999999961e-03,4.886899999999999800e+00,-5.999999999999999474e-04,2.200000000000000133e-03
2.299999999999999961e-03,4.343899999999999650e+00,-1.699999999999999905e-03,1.500000000000000031e-03
2.200000000000000133e-03,-1.861699999999999910e+00,2.200000000000000133e-03,4.000000000000000192e-04
2.200000000000000133e-03,-3.413100000000000023e+00,1.399999999999999986e-03,-1.600000000000000077e-03
2.200000000000000133e-03,-4.421499999999999986e+00,5.999999999999999474e-04,-2.099999999999999870e-03
2.099999999999999870e-03,8.920600000000000307e+00,1.600000000000000077e-03,1.399999999999999986e-03
2.099999999999999870e-03,4.576600000000000001e+00,2.099999999999999870e-03,1.000000000000000048e-04
2.099999999999999870e-03,4.499100000000000321e+00,-2.000000000000000042e-03,8.000000000000000383e-04
2.099999999999999870e-03,3.102799999999999780e+00,-1.299999999999999940e-03,1.600000000000000077e-03
2.099999999999999870e-03,-3.025199999999999889e+00,-1.600000000000000077e-03,-1.399999999999999986e-03
2.099999999999999870e-03,-4.964500000000000135e+00,1.100000000000000066e-03,-1.699999999999999905e-03
2.099999999999999870e-03,-5.352299999999999613e+00,2.000000000000000096e-04,-2.099999999999999870e-03
2.099999999999999870e-03,-5.507500000000000284e+00,-5.999999999999999474e-04,-2.099999999999999870e-03
2.000000000000000042e-03,2.536550000000000082e+01,1.699999999999999905e-03,-8.999999999999999754e-04
2.000000000000000042e-03,-3.723399999999999821e+00,8.999999999999999754e-04,-1.699999999999999905e-03
2.000000000000000042e-03,-3.956100000000000172e+00,1.199999999999999895e-03,1.500000000000000031e-03
2.000000000000000042e-03,-5.585099999999999731e+00,2.000000000000000042e-03,4.000000000000000192e-04
1.899999999999999996e-03,-2.327100000000000168e+00,-1.399999999999999986e-03,1.299999999999999940e-03
1.899999999999999996e-03,-2.482200000000000184e+00,-1.299999999999999940e-03,1.299999999999999940e-03
1.899999999999999996e-03,-3.102799999999999780e+00,1.199999999999999895e-03,-1.500000000000000031e-03
1.899999999999999996e-03,-3.568200000000000038e+00,6.999999999999999929e-04,1.799999999999999951e-03
1.899999999999999996e-03,-3.645799999999999930e+00,1.899999999999999996e-03,2.999999999999999737e-04
1.799999999999999951e-03,1.248879999999999946e+01,8.000000000000000383e-04,1.699999999999999905e-03
1.799999999999999951e-03,5.895299999999999763e+00,1.699999999999999905e-03,5.999999999999999474e-04
1.799999999999999951e-03,3.723399999999999821e+00,2.999999999999999737e-04,1.799999999999999951e-03
1.799999999999999951e-03,-1.784100000000000019e+00,-5.999999999999999474e-04,1.699999999999999905e-03
1.799999999999999951e-03,-5.972900000000000098e+00,1.799999999999999951e-03,-2.999999999999999737e-04
1.799999999999999951e-03,-6.283199999999999896e+00,-8.999999999999999754e-04,1.500000000000000031e-03
1.799999999999999951e-03,-2.078879999999999839e+01,1.299999999999999940e-03,-1.199999999999999895e-03
1.699999999999999905e-03,7.369200000000000195e+00,-1.600000000000000077e-03,-5.000000000000000104e-04
1.699999999999999905e-03,6.748599999999999710e+00,-1.000000000000000021e-03,1.399999999999999986e-03
1.699999999999999905e-03,6.283199999999999896e+00,5.999999999999999474e-04,-1.600000000000000077e-03
1.699999999999999905e-03,5.274799999999999933e+00,5.999999999999999474e-04,-1.600000000000000077e-03
1.699999999999999905e-03,4.654200000000000337e+00,5.000000000000000104e-04,1.600000000000000077e-03
1.699999999999999905e-03,-4.111200000000000188e+00,1.100000000000000066e-03,1.299999999999999940e-03
1.699999999999999905e-03,-4.188799999999999635e+00,-1.199999999999999895e-03,-1.199999999999999895e-03
1.699999999999999905e-03,-7.679400000000000226e+00,5.000000000000000104e-04,1.600000000000000077e-03
1.600000000000000077e-03,2.303829999999999956e+01,-5.999999999999999474e-04,1.399999999999999986e-03
1.600000000000000077e-03,2.102149999999999963e+01,2.999999999999999737e-04,-1.600000000000000077e-03
1.600000000000000077e-03,5.740199999999999747e+00,1.500000000000000031e-03,4.000000000000000192e-04
1.600000000000000077e-03,-2.870099999999999874e+00,-1.000000000000000021e-03,1.199999999999999895e-03
1.600000000000000077e-03,-4.731799999999999784e+00,-4.000000000000000192e-04,1.600000000000000077e-03
1.600000000000000077e-03,-2.994209999999999994e+01,1.399999999999999986e-03,-6.999999999999999929e-04
1.500000000000000031e-03,3.102809999999999846e+01,-1.500000000000000031e-03,-0.000000000000000000e+00
1.500000000000000031e-03,2.544300000000000139e+01,-1.100000000000000066e-03,1.000000000000000021e-03
1.500000000000000031e-03,2.381400000000000006e+01,1.500000000000000031e-03,2.000000000000000096e-04
1.500000000000000031e-03,1.023930000000000007e+01,2.999999999999999737e-04,1.500000000000000031e-03
1.500000000000000031e-03,5.817800000000000082e+00,-6.999999999999999929e-04,-1.399999999999999986e-03
1.500000000000000031e-03,-4.654200000000000337e+00,-8.999999999999999754e-04,1.199999999999999895e-03
1.500000000000000031e-03,-2.047850000000000037e+01,-1.399999999999999986e-03,4.000000000000000192e-04
1.500000000000000031e-03,-2.063370000000000104e+01,-1.000000000000000048e-04,-1.500000000000000031e-03
1.500000000000000031e-03,-2.598600000000000065e+01,5.999999999999999474e-04,-1.399999999999999986e-03
1.399999999999999986e-03,2.521030000000000015e+01,2.999999999999999737e-04,1.299999999999999940e-03
1.399999999999999986e-03,2.342620000000000147e+01,1.000000000000000021e-03,1.000000000000000021e-03
1.399999999999999986e-03,2.311589999999999989e+01,-1.299999999999999940e-03,5.999999999999999474e-04
1.399999999999999986e-03,7.679400000000000226e+00,-5.000000000000000104e-04,-1.299999999999999940e-03
1.399999999999999986e-03,4.964500000000000135e+00,1.399999999999999986e-03,2.999999999999999737e-04
1.399999999999999986e-03,3.878499999999999837e+00,8.000000000000000383e-04,-1.100000000000000066e-03
1.399999999999999986e-03,-5.817800000000000082e+00,-8.999999999999999754e-04,1.000000000000000021e-03
1.399999999999999986e-03,-7.136499999999999844e+00,1.000000000000000048e-04,1.399999999999999986e-03
1.399999999999999986e-03,-1.768599999999999994e+01,-1.000000000000000021e-03,1.000000000000000021e-03
1.399999999999999986e-03,-2.001310000000000144e+01,1.399999999999999986e-03,-2.000000000000000096e-04
1.399999999999999986e-03,-2.133180000000000121e+01,1.000000000000000021e-03,-1.000000000000000021e-03
1.399999999999999986e-03,-2.443459999999999965e+01,-1.399999999999999986e-03,1.000000000000000048e-04
1.299999999999999940e-03,2.637389999999999901e+01,-2.999999999999999737e-04,-1.299999999999999940e-03
1.299999999999999940e-03,2.621869999999999834e+01,6.999999999999999929e-04,-1.100000000000000066e-03
1.299999999999999940e-03,2.606360000000000099e+01,1.299999999999999940e-03,2.999999999999999737e-04
1.299999999999999940e-03,2.365889999999999915e+01,-1.100000000000000066e-03,6.999999999999999929e-04
1.299999999999999940e-03,2.063370000000000104e+01,1.299999999999999940e-03,0.000000000000000000e+00
1.299999999999999940e-03,2.001310000000000144e+01,1.000000000000000021e-03,-8.999999999999999754e-04
1.299999999999999940e-03,1.078229999999999933e+01,1.000000000000000048e-04,1.299999999999999940e-03
1.299999999999999940e-03,9.230900000000000105e+00,2.000000000000000096e-04,-1.199999999999999895e-03
1.299999999999999940e-03,6.128000000000000114e+00,1.199999999999999895e-03,5.000000000000000104e-04
1.299999999999999940e-03,-7.291599999999999859e+00,1.100000000000000066e-03,-6.999999999999999929e-04
1.299999999999999940e-03,-7.369200000000000195e+00,-1.299999999999999940e-03,2.000000000000000096e-04
1.299999999999999940e-03,-7.912200000000000344e+00,1.000000000000000021e-03,-8.000000000000000383e-04
1.299999999999999940e-03,-9.773799999999999599e+00,-1.000000000000000021e-03,-6.999999999999999929e-04
1.299999999999999940e-03,-1.799630000000000152e+01,-4.000000000000000192e-04,-1.199999999999999895e-03
1.299999999999999940e-03,-1.807389999999999830e+01,-1.299999999999999940e-03,-4.000000000000000192e-04
1.299999999999999940e-03,-2.102149999999999963e+01,1.299999999999999940e-03,-2.000000000000000096e-04
1.299999999999999940e-03,-2.435699999999999932e+01,1.299999999999999940e-03,1.000000000000000048e-04
1.299999999999999940e-03,-2.497759999999999891e+01,-1.299999999999999940e-03,1.000000000000000048e-04
1.299999999999999940e-03,-2.901129999999999853e+01,-5.999999999999999474e-04,-1.100000000000000066e-03
1.199999999999999895e-03,3.095050000000000168e+01,-1.199999999999999895e-03,-4.000000000000000192e-04
1.199999999999999895e-03,3.001970000000000027e+01,-1.000000000000000048e-04,-1.100000000000000066e-03
1.199999999999999895e-03,2.994209999999999994e+01,6.999999999999999929e-04,-8.999999999999999754e-04
1.199999999999999895e-03,2.955420000000000158e+01,1.100000000000000066e-03,5.000000000000000104e-04
1.199999999999999895e-03,2.691689999999999827e+01,1.000000000000000021e-03,5.999999999999999474e-04
1.199999999999999895e-03,2.676170000000000115e+01,-1.100000000000000066e-03,-4.000000000000000192e-04
1.199999999999999895e-03,2.288319999999999865e+01,-1.000000000000000021e-03,-5.999999999999999474e-04
1.199999999999999895e-03,2.086639999999999873e+01,1.199999999999999895e-03,1.000000000000000048e-04
1.199999999999999895e-03,2.009069999999999823e+01,-5.000000000000000104e-04,-1.100000000000000066e-03
1.199999999999999895e-03,1.419529999999999959e+01,5.000000000000000104e-04,1.100000000000000066e-03
1.199999999999999895e-03,8.998100000000000875e+00,-4.000000000000000192e-04,1.100000000000000066e-03
1.199999999999999895e-03,8.222400000000000375e+00,2.000000000000000096e-04,-1.199999999999999895e-03
1.199999999999999895e-03,6.360800000000000232e+00,-8.999999999999999754e-04,-8.000000000000000383e-04
1.199999999999999895e-03,5.042099999999999582e+00,1.100000000000000066e-03,5.000000000000000104e-04
1.199999999999999895e-03,-7.989700000000000024e+00,-1.199999999999999895e-03,-2.000000000000000096e-04
1.199999999999999895e-03,-1.171310000000000073e+01,-5.000000000000000104e-04,1.000000000000000021e-03
1.199999999999999895e-03,-1.954769999999999897e+01,1.000000000000000021e-03,-6.999999999999999929e-04
1.199999999999999895e-03,-2.559819999999999851e+01,-0.000000000000000000e+00,-1.199999999999999895e-03
1.199999999999999895e-03,-2.955420000000000158e+01,-1.199999999999999895e-03,0.000000000000000000e+00
1.199999999999999895e-03,-2.986449999999999960e+01,8.000000000000000383e-04,-8.999999999999999754e-04
1.100000000000000066e-03,2.846829999999999927e+01,-1.000000000000000021e-03,-5.000000000000000104e-04
1.100000000000000066e-03,2.583089999999999975e+01,1.100000000000000066e-03,1.000000000000000048e-04
1.100000000000000066e-03,2.559819999999999851e+01,1.000000000000000021e-03,5.000000000000000104e-04
1.100000000000000066e-03,1.962529999999999930e+01,1.000000000000000021e-03,-2.000000000000000096e-04
1.100000000000000066e-03,1.908230000000000004e+01,4.000000000000000192e-04,1.000000000000000021e-03
1.100000000000000066e-03,1.853930000000000078e+01,-8.999999999999999754e-04,5.999999999999999474e-04
1.100000000000000066e-03,1.582429999999999914e+01,4.000000000000000192e-04,1.000000000000000021e-03
1.100000000000000066e-03,1.039439999999999920e+01,-2.000000000000000096e-04,-1.100000000000000066e-03
1.100000000000000066e-03,8.687900000000000844e+00,-1.100000000000000066e-03,2.999999999999999737e-04
1.100000000000000066e-03,8.455199999999999605e+00,-2.999999999999999737e-04,1.000000000000000021e-03
1.100000000000000066e-03,6.050500000000000433e+00,-1.100000000000000066e-03,-1.000000000000000048e-04
1.100000000000000066e-03,5.352299999999999613e+00,8.000000000000000383e-04,6.999999999999999929e-04
1.100000000000000066e-03,5.119600000000000151e+00,-1.100000000000000066e-03,1.000000000000000048e-04
1.100000000000000066e-03,-6.128000000000000114e+00,6.999999999999999929e-04,-8.999999999999999754e-04
1.100000000000000066e-03,-8.067299999999999471e+00,0.000000000000000000e+00,1.100000000000000066e-03
1.100000000000000066e-03,-8.532700000000000173e+00,-8.000000000000000383e-04,6.999999999999999929e-04
1.100000000000000066e-03,-8.920600000000000307e+00,5.000000000000000104e-04,-1.000000000000000021e-03
1.100000000000000066e-03,-9.075699999999999434e+00,-5.999999999999999474e-04,1.000000000000000021e-03
1.100000000000000066e-03,-9.308400000000000674e+00,-5.999999999999999474e-04,-1.000000000000000021e-03
1.100000000000000066e-03,-9.385999999999999233e+00,8.999999999999999754e-04,6.999999999999999929e-04
1.100000000000000066e-03,-1.093740000000000023e+01,-4.000000000000000192e-04,-1.000000000000000021e-03
1.100000000000000066e-03,-1.543650000000000055e+01,8.000000000000000383e-04,8.000000000000000383e-04
1.100000000000000066e-03,-1.597949999999999982e+01,5.999999999999999474e-04,8.999999999999999754e-04
1.100000000000000066e-03,-1.838410000000000011e+01,1.000000000000000021e-03,-5.000000000000000104e-04
1.100000000000000066e-03,-2.109909999999999997e+01,1.100000000000000066e-03,2.999999999999999737e-04
1.100000000000000066e-03,-2.342620000000000147e+01,-8.999999999999999754e-04,-6.999999999999999929e-04
1.100000000000000066e-03,-2.396920000000000073e+01,-1.000000000000000021e-03,4.000000000000000192e-04
1.100000000000000066e-03,-2.420189999999999841e+01,1.000000000000000048e-04,-1.100000000000000066e-03
1.100000000000000066e-03,-2.466730000000000089e+01,6.999999999999999929e-04,8.000000000000000383e-04
1.100000000000000066e-03,-2.575329999999999941e+01,8.999999999999999754e-04,6.999999999999999929e-04
1.100000000000000066e-03,-2.792530000000000001e+01,-6.999999999999999929e-04,-8.000000000000000383e-04
1.100000000000000066e-03,-2.808040000000000092e+01,1.100000000000000066e-03,0.000000000000000000e+00
1.100000000000000066e-03,-3.071780000000000044e+01,1.000000000000000021e-03,5.999999999999999474e-04
1.000000000000000021e-03,3.071780000000000044e+01,-5.999999999999999474e-04,-8.000000000000000383e-04
1.000000000000000021e-03,2.970939999999999870e+01,1.000000000000000021e-03,-1.000000000000000048e-04
1.000000000000000021e-03,2.862340000000000018e+01,-6.999999999999999929e-04,8.000000000000000383e-04
1.000000000000000021e-03,2.831309999999999860e+01,1.000000000000000021e-03,-2.999999999999999737e-04
1.000000000000000021e-03,2.792530000000000001e+01,5.000000000000000104e-04,8.999999999999999754e-04
1.000000000000000021e-03,2.753740000000000165e+01,-6.999999999999999929e-04,6.999999999999999929e-04
1.000000000000000021e-03,2.171969999999999956e+01,-8.999999999999999754e-04,-2.000000000000000096e-04
1.000000000000000021e-03,2.164209999999999923e+01,-8.999999999999999754e-04,-2.999999999999999737e-04
1.000000000000000021e-03,2.125420000000000087e+01,8.999999999999999754e-04,-5.999999999999999474e-04
1.000000000000000021e-03,1.869440000000000168e+01,5.000000000000000104e-04,8.999999999999999754e-04
1.000000000000000021e-03,1.791870000000000118e+01,8.999999999999999754e-04,-2.999999999999999737e-04
1.000000000000000021e-03,1.590189999999999948e+01,1.000000000000000021e-03,-2.999999999999999737e-04
1.000000000000000021e-03,1.481589999999999918e+01,8.999999999999999754e-04,-2.999999999999999737e-04
1.000000000000000021e-03,1.287669999999999959e+01,1.000000000000000021e-03,2.000000000000000096e-04
1.000000000000000021e-03,1.217849999999999966e+01,-2.000000000000000096e-04,-1.000000000000000021e-03
1.000000000000000021e-03,1.109249999999999936e+01,-5.999999999999999474e-04,-8.000000000000000383e-04
1.000000000000000021e-03,7.912200000000000344e+00,-2.999999999999999737e-04,8.999999999999999754e-04
1.000000000000000021e-03,7.524300000000000210e+00,-0.000000000000000000e+00,-1.000000000000000021e-03
1.000000000000000021e-03,5.972900000000000098e+00,5.999999999999999474e-04,8.000000000000000383e-04
1.000000000000000021e-03,5.429899999999999949e+00,-8.999999999999999754e-04,-2.999999999999999737e-04
1.000000000000000021e-03,4.421499999999999986e+00,-1.000000000000000021e-03,-2.000000000000000096e-04
1.000000000000000021e-03,-3.800899999999999945e+00,-5.999999999999999474e-04,-8.000000000000000383e-04
1.000000000000000021e-03,-6.205599999999999561e+00,-0.000000000000000000e+00,1.000000000000000021e-03
1.000000000000000021e-03,-6.748599999999999710e+00,1.000000000000000021e-03,-2.000000000000000096e-04
1.000000000000000021e-03,-7.524300000000000210e+00,-4.000000000000000192e-04,8.999999999999999754e-04
1.000000000000000021e-03,-1.062710000000000043e+01,-1.000000000000000021e-03,1.000000000000000048e-04
1.000000000000000021e-03,-1.186819999999999986e+01,-5.000000000000000104e-04,-8.000000000000000383e-04
1.000000000000000021e-03,-1.528129999999999988e+01,-5.999999999999999474e-04,8.000000000000000383e-04
1.000000000000000021e-03,-1.574670000000000059e+01,-8.999999999999999754e-04,5.999999999999999474e-04
1.000000000000000021e-03,-1.830659999999999954e+01,-4.000000000000000192e-04,8.999999999999999754e-04
1.000000000000000021e-03,-2.024579999999999913e+01,5.999999999999999474e-04,-8.000000000000000383e-04
1.000000000000000021e-03,-2.288319999999999865e+01,5.000000000000000104e-04,8.000000000000000383e-04
1.000000000000000021e-03,-2.528790000000000049e+01,-5.000000000000000104e-04,-8.000000000000000383e-04
1.000000000000000021e-03,-2.676170000000000115e+01,-2.999999999999999737e-04,8.999999999999999754e-04
1.000000000000000021e-03,-2.714959999999999951e+01,2.000000000000000096e-04,1.000000000000000021e-03
1.000000000000000021e-03,-2.846829999999999927e+01,-1.000000000000000048e-04,1.000000000000000021e-03
1.000000000000000021e-03,-2.893370000000000175e+01,-5.999999999999999474e-04,-8.999999999999999754e-04
1.000000000000000021e-03,-2.947670000000000101e+01,-5.000000000000000104e-04,-8.000000000000000383e-04
1.000000000000000021e-03,-3.064020000000000010e+01,8.000000000000000383e-04,-5.999999999999999474e-04
8.999999999999999754e-04,3.079540000000000077e+01,-5.000000000000000104e-04,-6.999999999999999929e-04
8.999999999999999754e-04,3.009720000000000084e+01,2.999999999999999737e-04,-8.000000000000000383e-04
8.999999999999999754e-04,2.986449999999999960e+01,6.999999999999999929e-04,-5.999999999999999474e-04
8.999999999999999754e-04,2.939910000000000068e+01,-8.000000000000000383e-04,2.999999999999999737e-04
8.999999999999999754e-04,2.513269999999999982e+01,-6.999999999999999929e-04,-6.999999999999999929e-04
8.999999999999999754e-04,2.427949999999999875e+01,6.999999999999999929e-04,-5.999999999999999474e-04
8.999999999999999754e-04,2.218509999999999849e+01,1.000000000000000048e-04,-8.999999999999999754e-04
8.999999999999999754e-04,2.202990000000000137e+01,0.000000000000000000e+00,8.999999999999999754e-04
8.999999999999999754e-04,2.148689999999999856e+01,-6.999999999999999929e-04,4.000000000000000192e-04
8.999999999999999754e-04,2.133180000000000121e+01,1.000000000000000048e-04,-8.999999999999999754e-04
8.999999999999999754e-04,1.993550000000000111e+01,8.999999999999999754e-04,-1.000000000000000048e-04
8.999999999999999754e-04,1.915980000000000061e+01,8.000000000000000383e-04,-5.000000000000000104e-04
8.999999999999999754e-04,1.698789999999999978e+01,-5.999999999999999474e-04,-6.999999999999999929e-04
8.999999999999999754e-04,1.388509999999999955e+01,-6.999999999999999929e-04,-5.999999999999999474e-04
8.999999999999999754e-04,1.349719999999999942e+01,5.999999999999999474e-04,5.999999999999999474e-04
8.999999999999999754e-04,1.117009999999999970e+01,8.000000000000000383e-04,4.000000000000000192e-04
8.999999999999999754e-04,9.696300000000000807e+00,-8.999999999999999754e-04,1.000000000000000048e-04
8.999999999999999754e-04,7.756999999999999673e+00,-4.000000000000000192e-04,8.000000000000000383e-04
8.999999999999999754e-04,5.662600000000000300e+00,-8.999999999999999754e-04,-1.000000000000000048e-04
8.999999999999999754e-04,-4.576600000000000001e+00,-8.000000000000000383e-04,2.999999999999999737e-04
8.999999999999999754e-04,-6.515900000000000247e+00,-2.999999999999999737e-04,-8.999999999999999754e-04
8.999999999999999754e-04,-7.214000000000000412e+00,8.000000000000000383e-04,-5.000000000000000104e-04
8.999999999999999754e-04,-1.078229999999999933e+01,8.000000000000000383e-04,-4.000000000000000192e-04
8.999999999999999754e-04,-1.124770000000000003e+01,8.000000000000000383e-04,2.999999999999999737e-04
8.999999999999999754e-04,-1.179069999999999929e+01,8.000000000000000383e-04,-2.999999999999999737e-04
8.999999999999999754e-04,-1.357479999999999976e+01,-4.000000000000000192e-04,8.000000000000000383e-04
8.999999999999999754e-04,-1.729820000000000135e+01,8.999999999999999754e-04,1.000000000000000048e-04
8.999999999999999754e-04,-1.939249999999999829e+01,-2.000000000000000096e-04,-8.999999999999999754e-04
8.999999999999999754e-04,-2.086639999999999873e+01,-4.000000000000000192e-04,-8.000000000000000383e-04
8.999999999999999754e-04,-2.117670000000000030e+01,-4.000000000000000192e-04,8.000000000000000383e-04
8.999999999999999754e-04,-2.148689999999999856e+01,1.000000000000000048e-04,8.999999999999999754e-04
8.999999999999999754e-04,-2.218509999999999849e+01,6.999999999999999929e-04,-6.999999999999999929e-04
8.999999999999999754e-04,-2.234019999999999939e+01,6.999999999999999929e-04,5.999999999999999474e-04
8.999999999999999754e-04,-2.241779999999999973e+01,-8.999999999999999754e-04,-2.999999999999999737e-04
8.999999999999999754e-04,-2.536550000000000082e+01,8.000000000000000383e-04,-5.000000000000000104e-04
8.999999999999999754e-04,-2.839069999999999894e+01,1.000000000000000048e-04,8.999999999999999754e-04
8.999999999999999754e-04,-2.862340000000000018e+01,-8.999999999999999754e-04,2.000000000000000096e-04
8.999999999999999754e-04,-2.978699999999999903e+01,-4.000000000000000192e-04,-8.000000000000000383e-04
8.999999999999999754e-04,-3.025240000000000151e+01,-2.000000000000000096e-04,8.999999999999999754e-04
8.999999999999999754e-04,-3.095050000000000168e+01,2.000000000000000096e-04,8.999999999999999754e-04
8.000000000000000383e-04,3.118319999999999936e+01,0.000000000000000000e+00,8.000000000000000383e-04
8.000000000000000383e-04,3.064020000000000010e+01,8.000000000000000383e-04,-1.000000000000000048e-04
8.000000000000000383e-04,3.056269999999999953e+01,4.000000000000000192e-04,-6.999999999999999929e-04
8.000000000000000383e-04,2.808040000000000092e+01,2.999999999999999737e-04,-8.000000000000000383e-04
8.000000000000000383e-04,2.683930000000000149e+01,-5.000000000000000104e-04,5.999999999999999474e-04
8.000000000000000383e-04,2.652899999999999991e+01,-8.000000000000000383e-04,2.000000000000000096e-04
8.000000000000000383e-04,2.296079999999999899e+01,-2.999999999999999737e-04,-6.999999999999999929e-04
8.000000000000000383e-04,2.226259999999999906e+01,6.999999999999999929e-04,4.000000000000000192e-04
8.000000000000000383e-04,2.071120000000000161e+01,8.000000000000000383e-04,-1.000000000000000048e-04
8.000000000000000383e-04,2.032339999999999947e+01,-5.000000000000000104e-04,-5.999999999999999474e-04
8.000000000000000383e-04,1.931500000000000128e+01,-5.999999999999999474e-04,4.000000000000000192e-04
8.000000000000000383e-04,1.892709999999999937e+01,-2.999999999999999737e-04,-6.999999999999999929e-04
8.000000000000000383e-04,1.683269999999999911e+01,5.999999999999999474e-04,5.000000000000000104e-04
8.000000000000000383e-04,1.636730000000000018e+01,6.999999999999999929e-04,2.999999999999999737e-04
8.000000000000000383e-04,1.605699999999999861e+01,-8.000000000000000383e-04,2.000000000000000096e-04
8.000000000000000383e-04,1.535890000000000022e+01,4.000000000000000192e-04,6.999999999999999929e-04
8.000000000000000383e-04,1.489349999999999952e+01,-4.000000000000000192e-04,5.999999999999999474e-04
8.000000000000000383e-04,1.404020000000000046e+01,2.999999999999999737e-04,6.999999999999999929e-04
8.000000000000000383e-04,1.303180000000000049e+01,6.999999999999999929e-04,4.000000000000000192e-04
8.000000000000000383e-04,1.194580000000000020e+01,2.999999999999999737e-04,8.000000000000000383e-04
8.000000000000000383e-04,1.093740000000000023e+01,5.000000000000000104e-04,5.000000000000000104e-04
8.000000000000000383e-04,9.929000000000000270e+00,-2.999999999999999737e-04,-6.999999999999999929e-04
8.000000000000000383e-04,9.075699999999999434e+00,-4.000000000000000192e-04,-5.999999999999999474e-04
8.000000000000000383e-04,8.610300000000000509e+00,-6.999999999999999929e-04,-4.000000000000000192e-04
8.000000000000000383e-04,6.981300000000000061e+00,8.000000000000000383e-04,-0.000000000000000000e+00
8.000000000000000383e-04,6.205599999999999561e+00,-8.000000000000000383e-04,-2.999999999999999737e-04
8.000000000000000383e-04,4.809400000000000119e+00,4.000000000000000192e-04,-5.999999999999999474e-04
8.000000000000000383e-04,-4.886899999999999800e+00,5.999999999999999474e-04,-5.000000000000000104e-04
8.000000000000000383e-04,-5.042099999999999582e+00,0.000000000000000000e+00,8.000000000000000383e-04
8.000000000000000383e-04,-5.662600000000000300e+00,6.999999999999999929e-04,-2.999999999999999737e-04
8.000000000000000383e-04,-5.740199999999999747e+00,-4.000000000000000192e-04,6.999999999999999929e-04
8.000000000000000383e-04,-6.981300000000000061e+00,-4.000000000000000192e-04,6.999999999999999929e-04
8.000000000000000383e-04,-7.601899999999999658e+00,6.999999999999999929e-04,-4.000000000000000192e-04
8.000000000000000383e-04,-8.300000000000000711e+00,8.000000000000000383e-04,1.000000000000000048e-04
8.000000000000000383e-04,-8.610300000000000509e+00,5.000000000000000104e-04,5.999999999999999474e-04
8.000000000000000383e-04,-8.687900000000000844e+00,-8.000000000000000383e-04,-1.000000000000000048e-04
8.000000000000000383e-04,-1.023930000000000007e+01,5.000000000000000104e-04,5.999999999999999474e-04
8.000000000000000383e-04,-1.039439999999999920e+01,-4.000000000000000192e-04,6.999999999999999929e-04
8.000000000000000383e-04,-1.148039999999999949e+01,-2.000000000000000096e-04,8.000000000000000383e-04
8.000000000000000383e-04,-1.217849999999999966e+01,4.000000000000000192e-04,6.999999999999999929e-04
8.000000000000000383e-04,-1.396260000000000012e+01,-6.999999999999999929e-04,2.999999999999999737e-04
8.000000000000000383e-04,-1.427289999999999992e+01,-1.000000000000000048e-04,8.000000000000000383e-04
8.000000000000000383e-04,-1.551399999999999935e+01,-5.000000000000000104e-04,5.999999999999999474e-04
8.000000000000000383e-04,-1.644490000000000052e+01,-0.000000000000000000e+00,8.000000000000000383e-04
8.000000000000000383e-04,-1.822899999999999920e+01,-2.999999999999999737e-04,-6.999999999999999929e-04
8.000000000000000383e-04,-1.985800000000000054e+01,-8.000000000000000383e-04,-0.000000000000000000e+00
8.000000000000000383e-04,-2.140940000000000154e+01,-2.000000000000000096e-04,8.000000000000000383e-04
8.000000000000000383e-04,-2.164209999999999923e+01,2.000000000000000096e-04,8.000000000000000383e-04
8.000000000000000383e-04,-2.202990000000000137e+01,-6.999999999999999929e-04,-2.999999999999999737e-04
8.000000000000000383e-04,-2.272810000000000130e+01,5.000000000000000104e-04,-5.999999999999999474e-04
8.000000000000000383e-04,-2.303829999999999956e+01,-6.999999999999999929e-04,4.000000000000000192e-04
8.000000000000000383e-04,-2.319350000000000023e+01,-2.999999999999999737e-04,6.999999999999999929e-04
8.000000000000000383e-04,-2.381400000000000006e+01,6.999999999999999929e-04,-5.000000000000000104e-04
8.000000000000000383e-04,-2.489999999999999858e+01,5.999999999999999474e-04,-5.000000000000000104e-04
8.000000000000000383e-04,-2.552060000000000173e+01,-5.999999999999999474e-04,5.000000000000000104e-04
8.000000000000000383e-04,-2.583089999999999975e+01,-5.999999999999999474e-04,-5.000000000000000104e-04
8.000000000000000383e-04,-2.753740000000000165e+01,-5.000000000000000104e-04,5.999999999999999474e-04
8.000000000000000383e-04,-2.970939999999999870e+01,-2.999999999999999737e-04,-8.000000000000000383e-04
8.000000000000000383e-04,-3.009720000000000084e+01,8.000000000000000383e-04,2.999999999999999737e-04
6.999999999999999929e-04,3.017480000000000118e+01,-5.999999999999999474e-04,4.000000000000000192e-04
6.999999999999999929e-04,2.947670000000000101e+01,0.000000000000000000e+00,5.999999999999999474e-04
6.999999999999999929e-04,2.800280000000000058e+01,-4.000000000000000192e-04,-5.999999999999999474e-04
6.999999999999999929e-04,2.738230000000000075e+01,-2.999999999999999737e-04,-5.999999999999999474e-04
6.999999999999999929e-04,2.590840000000000032e+01,5.000000000000000104e-04,5.000000000000000104e-04
6.999999999999999929e-04,2.567569999999999908e+01,-5.000000000000000104e-04,-5.000000000000000104e-04
6.999999999999999929e-04,2.482250000000000156e+01,6.999999999999999929e-04,-0.000000000000000000e+00
6.999999999999999929e-04,2.474490000000000123e+01,-6.999999999999999929e-04,-2.999999999999999737e-04
6.999999999999999929e-04,2.443459999999999965e+01,-6.999999999999999929e-04,-1.000000000000000048e-04
6.999999999999999929e-04,2.334860000000000113e+01,-5.999999999999999474e-04,2.000000000000000096e-04
6.999999999999999929e-04,2.327110000000000056e+01,-2.000000000000000096e-04,5.999999999999999474e-04
6.999999999999999929e-04,2.319350000000000023e+01,2.000000000000000096e-04,-5.999999999999999474e-04
6.999999999999999929e-04,2.272810000000000130e+01,4.000000000000000192e-04,-5.000000000000000104e-04
6.999999999999999929e-04,2.234019999999999939e+01,5.000000000000000104e-04,-5.000000000000000104e-04
6.999999999999999929e-04,2.210750000000000171e+01,-4.000000000000000192e-04,-5.000000000000000104e-04
6.999999999999999929e-04,2.179720000000000013e+01,6.999999999999999929e-04,2.999999999999999737e-04
6.999999999999999929e-04,2.156449999999999889e+01,-4.000000000000000192e-04,-5.000000000000000104e-04
6.999999999999999929e-04,2.047850000000000037e+01,-4.000000000000000192e-04,5.999999999999999474e-04
6.999999999999999929e-04,1.939249999999999829e+01,6.999999999999999929e-04,-2.999999999999999737e-04
6.999999999999999929e-04,1.838410000000000011e+01,2.000000000000000096e-04,-6.999999999999999929e-04
6.999999999999999929e-04,1.799630000000000152e+01,5.000000000000000104e-04,4.000000000000000192e-04
6.999999999999999929e-04,1.776360000000000028e+01,-4.000000000000000192e-04,5.999999999999999474e-04
6.999999999999999929e-04,1.760839999999999961e+01,5.999999999999999474e-04,4.000000000000000192e-04
6.999999999999999929e-04,1.706540000000000035e+01,2.000000000000000096e-04,5.999999999999999474e-04
6.999999999999999929e-04,1.574670000000000059e+01,-5.999999999999999474e-04,4.000000000000000192e-04
6.999999999999999929e-04,1.520379999999999932e+01,6.999999999999999929e-04,-1.000000000000000048e-04
6.999999999999999929e-04,1.318689999999999962e+01,-6.999999999999999929e-04,1.000000000000000048e-04
6.999999999999999929e-04,1.272150000000000070e+01,-6.999999999999999929e-04,2.000000000000000096e-04
6.999999999999999929e-04,1.171310000000000073e+01,2.000000000000000096e-04,-6.999999999999999929e-04
6.999999999999999929e-04,1.101500000000000057e+01,-2.999999999999999737e-04,-6.999999999999999929e-04
6.999999999999999929e-04,1.085979999999999990e+01,1.000000000000000048e-04,-6.999999999999999929e-04
6.999999999999999929e-04,1.047199999999999953e+01,-6.999999999999999929e-04,-1.000000000000000048e-04
6.999999999999999929e-04,1.016169999999999973e+01,-1.000000000000000048e-04,5.999999999999999474e-04
6.999999999999999929e-04,8.144899999999999807e+00,2.999999999999999737e-04,-6.999999999999999929e-04
6.999999999999999929e-04,6.438299999999999912e+00,4.000000000000000192e-04,5.000000000000000104e-04
6.999999999999999929e-04,-5.429899999999999949e+00,-5.000000000000000104e-04,4.000000000000000192e-04
6.999999999999999929e-04,-6.050500000000000433e+00,5.999999999999999474e-04,-4.000000000000000192e-04
6.999999999999999929e-04,-6.438299999999999912e+00,-5.999999999999999474e-04,1.000000000000000048e-04
6.999999999999999929e-04,-8.765399999999999636e+00,-2.999999999999999737e-04,-5.999999999999999474e-04
6.999999999999999929e-04,-8.998100000000000875e+00,6.999999999999999929e-04,1.000000000000000048e-04
6.999999999999999929e-04,-9.463599999999999568e+00,-2.000000000000000096e-04,6.999999999999999929e-04
6.999999999999999929e-04,-9.929000000000000270e+00,6.999999999999999929e-04,-0.000000000000000000e+00
6.999999999999999929e-04,-1.070470000000000077e+01,5.999999999999999474e-04,-5.000000000000000104e-04
6.999999999999999929e-04,-1.109249999999999936e+01,4.000000000000000192e-04,5.000000000000000104e-04
6.999999999999999929e-04,-1.155799999999999983e+01,-6.999999999999999929e-04,-0.000000000000000000e+00
6.999999999999999929e-04,-1.163550000000000040e+01,2.999999999999999737e-04,-6.999999999999999929e-04
6.999999999999999929e-04,-1.241119999999999912e+01,-6.999999999999999929e-04,-2.999999999999999737e-04
6.999999999999999929e-04,-1.248879999999999946e+01,2.000000000000000096e-04,6.999999999999999929e-04
6.999999999999999929e-04,-1.303180000000000049e+01,6.999999999999999929e-04,2.999999999999999737e-04
6.999999999999999929e-04,-1.504860000000000042e+01,2.999999999999999737e-04,5.999999999999999474e-04
6.999999999999999929e-04,-1.613459999999999894e+01,-5.999999999999999474e-04,-2.999999999999999737e-04
6.999999999999999929e-04,-1.628969999999999985e+01,5.000000000000000104e-04,-4.000000000000000192e-04
6.999999999999999929e-04,-1.636730000000000018e+01,5.999999999999999474e-04,4.000000000000000192e-04
6.999999999999999929e-04,-1.722060000000000102e+01,-6.999999999999999929e-04,1.000000000000000048e-04
6.999999999999999929e-04,-1.760839999999999961e+01,-0.000000000000000000e+00,6.999999999999999929e-04
6.999999999999999929e-04,-1.776360000000000028e+01,-5.000000000000000104e-04,4.000000000000000192e-04
6.999999999999999929e-04,-1.784110000000000085e+01,-1.000000000000000048e-04,-6.999999999999999929e-04
6.999999999999999929e-04,-1.861680000000000135e+01,-6.999999999999999929e-04,-2.000000000000000096e-04
6.999999999999999929e-04,-1.884959999999999880e+01,-2.000000000000000096e-04,6.999999999999999929e-04
6.999999999999999929e-04,-1.908230000000000004e+01,-2.999999999999999737e-04,-5.999999999999999474e-04
6.999999999999999929e-04,-2.125420000000000087e+01,4.000000000000000192e-04,-5.000000000000000104e-04
6.999999999999999929e-04,-2.171969999999999956e+01,2.000000000000000096e-04,5.999999999999999474e-04
6.999999999999999929e-04,-2.187480000000000047e+01,-5.999999999999999474e-04,4.000000000000000192e-04
6.999999999999999929e-04,-2.226259999999999906e+01,5.000000000000000104e-04,-5.000000000000000104e-04
6.999999999999999929e-04,-2.280559999999999832e+01,6.999999999999999929e-04,-1.000000000000000048e-04
6.999999999999999929e-04,-2.296079999999999899e+01,-2.000000000000000096e-04,5.999999999999999474e-04
6.999999999999999929e-04,-2.427949999999999875e+01,6.999999999999999929e-04,0.000000000000000000e+00
6.999999999999999929e-04,-2.474490000000000123e+01,-6.999999999999999929e-04,-2.999999999999999737e-04
6.999999999999999929e-04,-2.590840000000000032e+01,-6.999999999999999929e-04,2.000000000000000096e-04
6.999999999999999929e-04,-2.614120000000000132e+01,5.000000000000000104e-04,5.000000000000000104e-04
6.999999999999999929e-04,-2.621869999999999834e+01,5.999999999999999474e-04,-4.000000000000000192e-04
6.999999999999999929e-04,-2.699439999999999884e+01,6.999999999999999929e-04,-1.000000000000000048e-04
6.999999999999999929e-04,-2.831309999999999860e+01,5.999999999999999474e-04,-4.000000000000000192e-04
6.999999999999999929e-04,-2.854579999999999984e+01,-6.999999999999999929e-04,-1.000000000000000048e-04
6.999999999999999929e-04,-2.885610000000000142e+01,-4.000000000000000192e-04,5.999999999999999474e-04
6.999999999999999929e-04,-2.963179999999999836e+01,-2.999999999999999737e-04,-5.999999999999999474e-04
6.999999999999999929e-04,-3.102809999999999846e+01,-2.999999999999999737e-04,6.999999999999999929e-04
6.999999999999999929e-04,-3.110559999999999903e+01,-4.000000000000000192e-04,5.000000000000000104e-04
5.999999999999999474e-04,3.126079999999999970e+01,-5.999999999999999474e-04,-0.000000000000000000e+00
5.999999999999999474e-04,2.963179999999999836e+01,2.999999999999999737e-04,5.000000000000000104e-04
5.999999999999999474e-04,2.877850000000000108e+01,5.999999999999999474e-04,-1.000000000000000048e-04
5.999999999999999474e-04,2.823549999999999827e+01,-2.999999999999999737e-04,-5.000000000000000104e-04
5.999999999999999474e-04,2.761499999999999844e+01,1.000000000000000048e-04,-5.999999999999999474e-04
5.999999999999999474e-04,2.575329999999999941e+01,-5.999999999999999474e-04,-2.000000000000000096e-04
5.999999999999999474e-04,2.497759999999999891e+01,5.000000000000000104e-04,2.999999999999999737e-04
5.999999999999999474e-04,2.435699999999999932e+01,5.999999999999999474e-04,0.000000000000000000e+00
5.999999999999999474e-04,2.404680000000000106e+01,2.999999999999999737e-04,5.999999999999999474e-04
5.999999999999999474e-04,2.358129999999999882e+01,-2.999999999999999737e-04,-4.000000000000000192e-04
5.999999999999999474e-04,2.280559999999999832e+01,1.000000000000000048e-04,-5.999999999999999474e-04
5.999999999999999474e-04,2.265050000000000097e+01,-4.000000000000000192e-04,-4.000000000000000192e-04
5.999999999999999474e-04,2.195240000000000080e+01,2.000000000000000096e-04,5.999999999999999474e-04
5.999999999999999474e-04,2.140940000000000154e+01,-2.999999999999999737e-04,-5.000000000000000104e-04
5.999999999999999474e-04,2.117670000000000030e+01,-4.000000000000000192e-04,-4.000000000000000192e-04
5.999999999999999474e-04,2.040099999999999980e+01,-2.999999999999999737e-04,5.000000000000000104e-04
5.999999999999999474e-04,1.978040000000000020e+01,-5.000000000000000104e-04,2.000000000000000096e-04
5.999999999999999474e-04,1.923740000000000094e+01,1.000000000000000048e-04,5.999999999999999474e-04
5.999999999999999474e-04,1.861680000000000135e+01,5.999999999999999474e-04,-1.000000000000000048e-04
5.999999999999999474e-04,1.846170000000000044e+01,5.999999999999999474e-04,1.000000000000000048e-04
5.999999999999999474e-04,1.714300000000000068e+01,-1.000000000000000048e-04,5.000000000000000104e-04
5.999999999999999474e-04,1.691029999999999944e+01,-2.999999999999999737e-04,-5.000000000000000104e-04
5.999999999999999474e-04,1.566920000000000002e+01,-2.000000000000000096e-04,-5.999999999999999474e-04
5.999999999999999474e-04,1.427289999999999992e+01,-1.000000000000000048e-04,-5.999999999999999474e-04
5.999999999999999474e-04,1.372990000000000066e+01,4.000000000000000192e-04,4.000000000000000192e-04
5.999999999999999474e-04,1.310940000000000083e+01,-5.000000000000000104e-04,-4.000000000000000192e-04
5.999999999999999474e-04,1.264390000000000036e+01,5.000000000000000104e-04,-2.999999999999999737e-04
5.999999999999999474e-04,1.256639999999999979e+01,-5.999999999999999474e-04,0.000000000000000000e+00
5.999999999999999474e-04,1.241119999999999912e+01,4.000000000000000192e-04,-4.000000000000000192e-04
5.999999999999999474e-04,1.225609999999999999e+01,-2.000000000000000096e-04,5.999999999999999474e-04
5.999999999999999474e-04,1.202340000000000053e+01,0.000000000000000000e+00,5.999999999999999474e-04
5.999999999999999474e-04,1.155799999999999983e+01,-5.999999999999999474e-04,1.000000000000000048e-04
5.999999999999999474e-04,1.132520000000000060e+01,-4.000000000000000192e-04,4.000000000000000192e-04
5.999999999999999474e-04,1.054950000000000010e+01,5.000000000000000104e-04,2.999999999999999737e-04
5.999999999999999474e-04,9.153299999999999770e+00,-2.000000000000000096e-04,5.000000000000000104e-04
5.999999999999999474e-04,8.842999999999999972e+00,-0.000000000000000000e+00,-5.999999999999999474e-04
5.999999999999999474e-04,8.300000000000000711e+00,-4.000000000000000192e-04,5.000000000000000104e-04
5.999999999999999474e-04,7.989700000000000024e+00,-2.999999999999999737e-04,5.000000000000000104e-04
5.999999999999999474e-04,7.291599999999999859e+00,5.000000000000000104e-04,-2.999999999999999737e-04
5.999999999999999474e-04,-4.266399999999999970e+00,-5.999999999999999474e-04,2.999999999999999737e-04
5.999999999999999474e-04,-4.499100000000000321e+00,2.999999999999999737e-04,-5.000000000000000104e-04
5.999999999999999474e-04,-5.274799999999999933e+00,-5.999999999999999474e-04,-1.000000000000000048e-04
5.999999999999999474e-04,-5.895299999999999763e+00,-5.999999999999999474e-04,1.000000000000000048e-04
5.999999999999999474e-04,-8.222400000000000375e+00,-2.999999999999999737e-04,5.000000000000000104e-04
5.999999999999999474e-04,-8.455199999999999605e+00,-1.000000000000000048e-04,-5.999999999999999474e-04
5.999999999999999474e-04,-1.140279999999999916e+01,2.999999999999999737e-04,5.000000000000000104e-04
5.999999999999999474e-04,-1.279909999999999926e+01,2.000000000000000096e-04,-5.000000000000000104e-04
5.999999999999999474e-04,-1.310940000000000083e+01,4.000000000000000192e-04,5.000000000000000104e-04
5.999999999999999474e-04,-1.341960000000000086e+01,-4.000000000000000192e-04,4.000000000000000192e-04
5.999999999999999474e-04,-1.380749999999999922e+01,5.999999999999999474e-04,1.000000000000000048e-04
5.999999999999999474e-04,-1.388509999999999955e+01,-4.000000000000000192e-04,-5.000000000000000104e-04
5.999999999999999474e-04,-1.652250000000000085e+01,-5.999999999999999474e-04,2.000000000000000096e-04
5.999999999999999474e-04,-1.753089999999999904e+01,-5.999999999999999474e-04,-0.000000000000000000e+00
5.999999999999999474e-04,-1.815139999999999887e+01,4.000000000000000192e-04,4.000000000000000192e-04
5.999999999999999474e-04,-1.877199999999999847e+01,2.000000000000000096e-04,5.999999999999999474e-04
5.999999999999999474e-04,-1.900469999999999970e+01,-2.999999999999999737e-04,-5.000000000000000104e-04
5.999999999999999474e-04,-1.915980000000000061e+01,-5.999999999999999474e-04,0.000000000000000000e+00
5.999999999999999474e-04,-1.923740000000000094e+01,-5.999999999999999474e-04,0.000000000000000000e+00
5.999999999999999474e-04,-1.931500000000000128e+01,-5.999999999999999474e-04,-0.000000000000000000e+00
5.999999999999999474e-04,-2.016819999999999879e+01,-5.999999999999999474e-04,1.000000000000000048e-04
5.999999999999999474e-04,-2.032339999999999947e+01,1.000000000000000048e-04,5.999999999999999474e-04
5.999999999999999474e-04,-2.179720000000000013e+01,-2.999999999999999737e-04,-5.999999999999999474e-04
5.999999999999999474e-04,-2.257290000000000063e+01,5.999999999999999474e-04,2.999999999999999737e-04
5.999999999999999474e-04,-2.311589999999999989e+01,2.999999999999999737e-04,5.000000000000000104e-04
5.999999999999999474e-04,-2.327110000000000056e+01,-2.999999999999999737e-04,5.999999999999999474e-04
5.999999999999999474e-04,-2.373649999999999949e+01,-5.999999999999999474e-04,2.000000000000000096e-04
5.999999999999999474e-04,-2.389160000000000039e+01,-2.999999999999999737e-04,-5.999999999999999474e-04
5.999999999999999474e-04,-2.404680000000000106e+01,-5.000000000000000104e-04,-2.999999999999999737e-04
5.999999999999999474e-04,-2.513269999999999982e+01,-5.000000000000000104e-04,2.999999999999999737e-04
5.999999999999999474e-04,-2.521030000000000015e+01,-4.000000000000000192e-04,4.000000000000000192e-04
5.999999999999999474e-04,-2.637389999999999901e+01,5.999999999999999474e-04,2.999999999999999737e-04
5.999999999999999474e-04,-2.652899999999999991e+01,-2.999999999999999737e-04,5.999999999999999474e-04
5.999999999999999474e-04,-2.683930000000000149e+01,-4.000000000000000192e-04,-4.000000000000000192e-04
5.999999999999999474e-04,-2.769259999999999877e+01,1.000000000000000048e-04,-5.999999999999999474e-04
5.999999999999999474e-04,-2.939910000000000068e+01,1.000000000000000048e-04,5.999999999999999474e-04
5.999999999999999474e-04,-3.079540000000000077e+01,1.000000000000000048e-04,5.000000000000000104e-04
5.999999999999999474e-04,-3.133840000000000003e+01,-5.999999999999999474e-04,-1.000000000000000048e-04
5.000000000000000104e-04,3.048509999999999920e+01,-4.000000000000000192e-04,-1.000000000000000048e-04
5.000000000000000104e-04,3.025240000000000151e+01,-4.000000000000000192e-04,-2.999999999999999737e-04
5.000000000000000104e-04,2.932150000000000034e+01,2.000000000000000096e-04,-5.000000000000000104e-04
5.000000000000000104e-04,2.908879999999999910e+01,1.000000000000000048e-04,-5.000000000000000104e-04
5.000000000000000104e-04,2.901129999999999853e+01,4.000000000000000192e-04,2.999999999999999737e-04
5.000000000000000104e-04,2.893370000000000175e+01,2.999999999999999737e-04,4.000000000000000192e-04
5.000000000000000104e-04,2.885610000000000142e+01,1.000000000000000048e-04,5.000000000000000104e-04
5.000000000000000104e-04,2.854579999999999984e+01,-2.999999999999999737e-04,4.000000000000000192e-04
5.000000000000000104e-04,2.784769999999999968e+01,5.000000000000000104e-04,0.000000000000000000e+00
5.000000000000000104e-04,2.769259999999999877e+01,5.000000000000000104e-04,-0.000000000000000000e+00
5.000000000000000104e-04,2.745980000000000132e+01,0.000000000000000000e+00,5.000000000000000104e-04
5.000000000000000104e-04,2.730470000000000041e+01,5.000000000000000104e-04,1.000000000000000048e-04
5.000000000000000104e-04,2.505519999999999925e+01,-2.000000000000000096e-04,5.000000000000000104e-04
5.000000000000000104e-04,2.420189999999999841e+01,-5.000000000000000104e-04,2.000000000000000096e-04
5.000000000000000104e-04,2.257290000000000063e+01,-5.000000000000000104e-04,0.000000000000000000e+00
5.000000000000000104e-04,1.947009999999999863e+01,5.000000000000000104e-04,-2.000000000000000096e-04
5.000000000000000104e-04,1.900469999999999970e+01,-1.000000000000000048e-04,4.000000000000000192e-04
5.000000000000000104e-04,1.822899999999999920e+01,-2.999999999999999737e-04,4.000000000000000192e-04
5.000000000000000104e-04,1.807389999999999830e+01,5.000000000000000104e-04,-2.000000000000000096e-04
5.000000000000000104e-04,1.784110000000000085e+01,-2.000000000000000096e-04,5.000000000000000104e-04
5.000000000000000104e-04,1.768599999999999994e+01,-5.000000000000000104e-04,0.000000000000000000e+00
5.000000000000000104e-04,1.753089999999999904e+01,-1.000000000000000048e-04,4.000000000000000192e-04
5.000000000000000104e-04,1.559159999999999968e+01,-4.000000000000000192e-04,-2.999999999999999737e-04
5.000000000000000104e-04,1.512620000000000076e+01,-4.000000000000000192e-04,-2.000000000000000096e-04
5.000000000000000104e-04,1.473830000000000062e+01,-1.000000000000000048e-04,-5.000000000000000104e-04
5.000000000000000104e-04,1.450559999999999938e+01,-0.000000000000000000e+00,5.000000000000000104e-04
5.000000000000000104e-04,1.334210000000000029e+01,-4.000000000000000192e-04,-2.999999999999999737e-04
5.000000000000000104e-04,1.279909999999999926e+01,-2.999999999999999737e-04,-5.000000000000000104e-04
5.000000000000000104e-04,1.210089999999999932e+01,-5.000000000000000104e-04,-2.000000000000000096e-04
5.000000000000000104e-04,1.070470000000000077e+01,-2.000000000000000096e-04,5.000000000000000104e-04
5.000000000000000104e-04,9.773799999999999599e+00,-1.000000000000000048e-04,5.000000000000000104e-04
5.000000000000000104e-04,7.834600000000000009e+00,-0.000000000000000000e+00,5.000000000000000104e-04
5.000000000000000104e-04,7.058900000000000396e+00,5.000000000000000104e-04,-2.000000000000000096e-04
5.000000000000000104e-04,6.903699999999999726e+00,2.999999999999999737e-04,-4.000000000000000192e-04
5.000000000000000104e-04,-4.343899999999999650e+00,5.000000000000000104e-04,0.000000000000000000e+00
5.000000000000000104e-04,-6.360800000000000232e+00,-1.000000000000000048e-04,5.000000000000000104e-04
5.000000000000000104e-04,-7.756999999999999673e+00,-2.999999999999999737e-04,-4.000000000000000192e-04
5.000000000000000104e-04,-8.842999999999999972e+00,1.000000000000000048e-04,5.000000000000000104e-04
5.000000000000000104e-04,-9.541100000000000136e+00,1.000000000000000048e-04,-5.000000000000000104e-04
5.000000000000000104e-04,-9.696300000000000807e+00,-1.000000000000000048e-04,5.000000000000000104e-04
5.000000000000000104e-04,-1.031680000000000064e+01,1.000000000000000048e-04,-5.000000000000000104e-04
5.000000000000000104e-04,-1.132520000000000060e+01,-1.000000000000000048e-04,-5.000000000000000104e-04
5.000000000000000104e-04,-1.194580000000000020e+01,2.000000000000000096e-04,4.000000000000000192e-04
5.000000000000000104e-04,-1.202340000000000053e+01,5.000000000000000104e-04,-2.000000000000000096e-04
5.000000000000000104e-04,-1.210089999999999932e+01,-2.000000000000000096e-04,5.000000000000000104e-04
5.000000000000000104e-04,-1.435050000000000026e+01,-2.000000000000000096e-04,-5.000000000000000104e-04
5.000000000000000104e-04,-1.458319999999999972e+01,2.000000000000000096e-04,-5.000000000000000104e-04
5.000000000000000104e-04,-1.466080000000000005e+01,2.999999999999999737e-04,4.000000000000000192e-04
5.000000000000000104e-04,-1.520379999999999932e+01,4.000000000000000192e-04,-2.999999999999999737e-04
5.000000000000000104e-04,-1.582429999999999914e+01,-2.000000000000000096e-04,-4.000000000000000192e-04
5.000000000000000104e-04,-1.675519999999999854e+01,1.000000000000000048e-04,5.000000000000000104e-04
5.000000000000000104e-04,-1.698789999999999978e+01,-4.000000000000000192e-04,2.999999999999999737e-04
5.000000000000000104e-04,-1.737569999999999837e+01,4.000000000000000192e-04,2.000000000000000096e-04
5.000000000000000104e-04,-1.791870000000000118e+01,-0.000000000000000000e+00,5.000000000000000104e-04
5.000000000000000104e-04,-1.853930000000000078e+01,-4.000000000000000192e-04,2.000000000000000096e-04
5.000000000000000104e-04,-1.892709999999999937e+01,-2.999999999999999737e-04,4.000000000000000192e-04
5.000000000000000104e-04,-1.978040000000000020e+01,4.000000000000000192e-04,-2.999999999999999737e-04
5.000000000000000104e-04,-2.009069999999999823e+01,-1.000000000000000048e-04,5.000000000000000104e-04
5.000000000000000104e-04,-2.094399999999999906e+01,-5.000000000000000104e-04,1.000000000000000048e-04
5.000000000000000104e-04,-2.210750000000000171e+01,-1.000000000000000048e-04,5.000000000000000104e-04
5.000000000000000104e-04,-2.265050000000000097e+01,-1.000000000000000048e-04,4.000000000000000192e-04
5.000000000000000104e-04,-2.334860000000000113e+01,-1.000000000000000048e-04,-5.000000000000000104e-04
5.000000000000000104e-04,-2.358129999999999882e+01,2.000000000000000096e-04,5.000000000000000104e-04
5.000000000000000104e-04,-2.451219999999999999e+01,-5.000000000000000104e-04,1.000000000000000048e-04
5.000000000000000104e-04,-2.645139999999999958e+01,5.000000000000000104e-04,-0.000000000000000000e+00
5.000000000000000104e-04,-2.691689999999999827e+01,-5.000000000000000104e-04,-2.000000000000000096e-04
5.000000000000000104e-04,-2.730470000000000041e+01,-4.000000000000000192e-04,-2.999999999999999737e-04
5.000000000000000104e-04,-2.738230000000000075e+01,2.999999999999999737e-04,4.000000000000000192e-04
5.000000000000000104e-04,-2.784769999999999968e+01,-2.999999999999999737e-04,-2.999999999999999737e-04
5.000000000000000104e-04,-2.924399999999999977e+01,5.000000000000000104e-04,-1.000000000000000048e-04
5.000000000000000104e-04,-3.017480000000000118e+01,4.000000000000000192e-04,-4.000000000000000192e-04
5.000000000000000104e-04,-3.056269999999999953e+01,-2.999999999999999737e-04,-4.000000000000000192e-04
5.000000000000000104e-04,-3.087290000000000134e+01,2.999999999999999737e-04,4.000000000000000192e-04
4.000000000000000192e-04,3.087290000000000134e+01,-2.000000000000000096e-04,-2.999999999999999737e-04
4.000000000000000192e-04,3.040749999999999886e+01,2.999999999999999737e-04,-2.000000000000000096e-04
4.000000000000000192e-04,3.032989999999999853e+01,-1.000000000000000048e-04,-4.000000000000000192e-04
4.000000000000000192e-04,2.978699999999999903e+01,4.000000000000000192e-04,-0.000000000000000000e+00
4.000000000000000192e-04,2.924399999999999977e+01,2.999999999999999737e-04,-0.000000000000000000e+00
4.000000000000000192e-04,2.916639999999999944e+01,-2.999999999999999737e-04,2.000000000000000096e-04
4.000000000000000192e-04,2.815800000000000125e+01,-2.999999999999999737e-04,2.999999999999999737e-04
4.000000000000000192e-04,2.722710000000000008e+01,2.999999999999999737e-04,-2.999999999999999737e-04
4.000000000000000192e-04,2.699439999999999884e+01,2.999999999999999737e-04,-1.000000000000000048e-04
4.000000000000000192e-04,2.668410000000000082e+01,2.999999999999999737e-04,-2.999999999999999737e-04
4.000000000000000192e-04,2.645139999999999958e+01,-0.000000000000000000e+00,-4.000000000000000192e-04
4.000000000000000192e-04,2.552060000000000173e+01,2.999999999999999737e-04,2.000000000000000096e-04
4.000000000000000192e-04,2.528790000000000049e+01,-2.000000000000000096e-04,-4.000000000000000192e-04
4.000000000000000192e-04,2.489999999999999858e+01,-0.000000000000000000e+00,4.000000000000000192e-04
4.000000000000000192e-04,2.458970000000000056e+01,-1.000000000000000048e-04,4.000000000000000192e-04
4.000000000000000192e-04,2.451219999999999999e+01,1.000000000000000048e-04,4.000000000000000192e-04
4.000000000000000192e-04,2.373649999999999949e+01,-2.999999999999999737e-04,2.999999999999999737e-04
4.000000000000000192e-04,2.350379999999999825e+01,4.000000000000000192e-04,-1.000000000000000048e-04
4.000000000000000192e-04,2.241779999999999973e+01,-1.000000000000000048e-04,-2.999999999999999737e-04
4.000000000000000192e-04,2.187480000000000047e+01,1.000000000000000048e-04,4.000000000000000192e-04
4.000000000000000192e-04,1.970279999999999987e+01,2.000000000000000096e-04,2.999999999999999737e-04
4.000000000000000192e-04,1.737569999999999837e+01,2.000000000000000096e-04,-2.999999999999999737e-04
4.000000000000000192e-04,1.722060000000000102e+01,-2.999999999999999737e-04,2.000000000000000096e-04
4.000000000000000192e-04,1.675519999999999854e+01,-2.000000000000000096e-04,-2.999999999999999737e-04
4.000000000000000192e-04,1.628969999999999985e+01,2.999999999999999737e-04,-2.999999999999999737e-04
4.000000000000000192e-04,1.613459999999999894e+01,2.999999999999999737e-04,2.999999999999999737e-04
4.000000000000000192e-04,1.543650000000000055e+01,4.000000000000000192e-04,-1.000000000000000048e-04
4.000000000000000192e-04,1.458319999999999972e+01,4.000000000000000192e-04,1.000000000000000048e-04
4.000000000000000192e-04,1.442810000000000059e+01,4.000000000000000192e-04,-2.000000000000000096e-04
4.000000000000000192e-04,1.396260000000000012e+01,4.000000000000000192e-04,1.000000000000000048e-04
4.000000000000000192e-04,1.380749999999999922e+01,-2.000000000000000096e-04,2.999999999999999737e-04
4.000000000000000192e-04,1.365240000000000009e+01,-4.000000000000000192e-04,1.000000000000000048e-04
4.000000000000000192e-04,1.179069999999999929e+01,-1.000000000000000048e-04,2.999999999999999737e-04
4.000000000000000192e-04,1.031680000000000064e+01,2.000000000000000096e-04,-4.000000000000000192e-04
4.000000000000000192e-04,1.000660000000000061e+01,2.000000000000000096e-04,2.999999999999999737e-04
4.000000000000000192e-04,9.851399999999999935e+00,0.000000000000000000e+00,4.000000000000000192e-04
4.000000000000000192e-04,9.385999999999999233e+00,4.000000000000000192e-04,1.000000000000000048e-04
4.000000000000000192e-04,8.532700000000000173e+00,-2.999999999999999737e-04,-2.999999999999999737e-04
4.000000000000000192e-04,8.067299999999999471e+00,2.000000000000000096e-04,-2.999999999999999737e-04
4.000000000000000192e-04,5.585099999999999731e+00,-2.999999999999999737e-04,-2.000000000000000096e-04
4.000000000000000192e-04,4.731799999999999784e+00,4.000000000000000192e-04,1.000000000000000048e-04
4.000000000000000192e-04,-3.878499999999999837e+00,2.999999999999999737e-04,2.000000000000000096e-04
4.000000000000000192e-04,-6.903699999999999726e+00,-4.000000000000000192e-04,-1.000000000000000048e-04
4.000000000000000192e-04,-7.058900000000000396e+00,2.000000000000000096e-04,-2.999999999999999737e-04
4.000000000000000192e-04,-7.446699999999999875e+00,-0.000000000000000000e+00,-4.000000000000000192e-04
4.000000000000000192e-04,-1.016169999999999973e+01,-4.000000000000000192e-04,-1.000000000000000048e-04
4.000000000000000192e-04,-1.047199999999999953e+01,-2.999999999999999737e-04,-2.999999999999999737e-04
4.000000000000000192e-04,-1.117009999999999970e+01,2.999999999999999737e-04,2.000000000000000096e-04
4.000000000000000192e-04,-1.256639999999999979e+01,4.000000000000000192e-04,1.000000000000000048e-04
4.000000000000000192e-04,-1.264390000000000036e+01,-2.999999999999999737e-04,2.000000000000000096e-04
4.000000000000000192e-04,-1.287669999999999959e+01,-2.000000000000000096e-04,-4.000000000000000192e-04
4.000000000000000192e-04,-1.318689999999999962e+01,-4.000000000000000192e-04,1.000000000000000048e-04
4.000000000000000192e-04,-1.326449999999999996e+01,4.000000000000000192e-04,0.000000000000000000e+00
4.000000000000000192e-04,-1.334210000000000029e+01,4.000000000000000192e-04,0.000000000000000000e+00
4.000000000000000192e-04,-1.404020000000000046e+01,4.000000000000000192e-04,-1.000000000000000048e-04
4.000000000000000192e-04,-1.442810000000000059e+01,-4.000000000000000192e-04,2.000000000000000096e-04
4.000000000000000192e-04,-1.489349999999999952e+01,4.000000000000000192e-04,-2.000000000000000096e-04
4.000000000000000192e-04,-1.512620000000000076e+01,1.000000000000000048e-04,-4.000000000000000192e-04
4.000000000000000192e-04,-1.706540000000000035e+01,-2.999999999999999737e-04,2.000000000000000096e-04
4.000000000000000192e-04,-1.846170000000000044e+01,4.000000000000000192e-04,-2.000000000000000096e-04
4.000000000000000192e-04,-1.869440000000000168e+01,-2.999999999999999737e-04,-2.999999999999999737e-04
4.000000000000000192e-04,-1.962529999999999930e+01,-2.999999999999999737e-04,-4.000000000000000192e-04
4.000000000000000192e-04,-2.040099999999999980e+01,-4.000000000000000192e-04,-0.000000000000000000e+00
4.000000000000000192e-04,-2.350379999999999825e+01,-2.999999999999999737e-04,2.000000000000000096e-04
4.000000000000000192e-04,-2.365889999999999915e+01,-2.000000000000000096e-04,2.999999999999999737e-04
4.000000000000000192e-04,-2.412430000000000163e+01,-0.000000000000000000e+00,4.000000000000000192e-04
4.000000000000000192e-04,-2.458970000000000056e+01,0.000000000000000000e+00,-4.000000000000000192e-04
4.000000000000000192e-04,-2.482250000000000156e+01,2.999999999999999737e-04,2.999999999999999737e-04
4.000000000000000192e-04,-2.505519999999999925e+01,2.000000000000000096e-04,2.999999999999999737e-04
4.000000000000000192e-04,-2.606360000000000099e+01,-4.000000000000000192e-04,-2.000000000000000096e-04
4.000000000000000192e-04,-2.629629999999999868e+01,-2.000000000000000096e-04,-4.000000000000000192e-04
4.000000000000000192e-04,-2.668410000000000082e+01,2.999999999999999737e-04,-1.000000000000000048e-04
4.000000000000000192e-04,-2.722710000000000008e+01,1.000000000000000048e-04,-4.000000000000000192e-04
4.000000000000000192e-04,-2.745980000000000132e+01,-4.000000000000000192e-04,0.000000000000000000e+00
4.000000000000000192e-04,-2.777009999999999934e+01,2.000000000000000096e-04,2.999999999999999737e-04
4.000000000000000192e-04,-2.800280000000000058e+01,4.000000000000000192e-04,2.000000000000000096e-04
4.000000000000000192e-04,-2.815800000000000125e+01,-4.000000000000000192e-04,1.000000000000000048e-04
4.000000000000000192e-04,-2.908879999999999910e+01,4.000000000000000192e-04,0.000000000000000000e+00
4.000000000000000192e-04,-3.032989999999999853e+01,4.000000000000000192e-04,1.000000000000000048e-04
4.000000000000000192e-04,-3.040749999999999886e+01,4.000000000000000192e-04,-1.000000000000000048e-04
4.000000000000000192e-04,-3.126079999999999970e+01,-2.999999999999999737e-04,-1.000000000000000048e-04
4.000000000000000192e-04,-3.141590000000000060e+01,-0.000000000000000000e+00,4.000000000000000192e-04
2.999999999999999737e-04,3.110559999999999903e+01,1.000000000000000048e-04,2.999999999999999737e-04
2.999999999999999737e-04,2.870100000000000051e+01,-2.999999999999999737e-04,-1.000000000000000048e-04
2.999999999999999737e-04,2.839069999999999894e+01,-2.000000000000000096e-04,-2.999999999999999737e-04
2.999999999999999737e-04,2.714959999999999951e+01,-2.999999999999999737e-04,0.000000000000000000e+00
2.999999999999999737e-04,2.707199999999999918e+01,-2.000000000000000096e-04,-2.999999999999999737e-04
2.999999999999999737e-04,2.660660000000000025e+01,2.000000000000000096e-04,2.000000000000000096e-04
2.999999999999999737e-04,2.598600000000000065e+01,-2.999999999999999737e-04,-2.000000000000000096e-04
2.999999999999999737e-04,2.396920000000000073e+01,-2.000000000000000096e-04,2.000000000000000096e-04
2.999999999999999737e-04,2.078879999999999839e+01,-1.000000000000000048e-04,-2.000000000000000096e-04
2.999999999999999737e-04,2.055610000000000070e+01,-2.000000000000000096e-04,2.000000000000000096e-04
2.999999999999999737e-04,2.024579999999999913e+01,2.000000000000000096e-04,1.000000000000000048e-04
2.999999999999999737e-04,1.985800000000000054e+01,2.000000000000000096e-04,1.000000000000000048e-04
2.999999999999999737e-04,1.830659999999999954e+01,-2.999999999999999737e-04,2.000000000000000096e-04
2.999999999999999737e-04,1.815139999999999887e+01,-0.000000000000000000e+00,-2.999999999999999737e-04
2.999999999999999737e-04,1.745329999999999870e+01,-2.999999999999999737e-04,-2.000000000000000096e-04
2.999999999999999737e-04,1.667760000000000176e+01,-2.000000000000000096e-04,-2.000000000000000096e-04
2.999999999999999737e-04,1.621219999999999928e+01,-2.999999999999999737e-04,-0.000000000000000000e+00
2.999999999999999737e-04,1.551399999999999935e+01,-2.000000000000000096e-04,-2.000000000000000096e-04
2.999999999999999737e-04,1.326449999999999996e+01,1.000000000000000048e-04,2.000000000000000096e-04
2.999999999999999737e-04,1.233370000000000033e+01,-2.000000000000000096e-04,2.999999999999999737e-04
2.999999999999999737e-04,1.186819999999999986e+01,-2.999999999999999737e-04,-0.000000000000000000e+00
2.999999999999999737e-04,1.140279999999999916e+01,2.000000000000000096e-04,2.000000000000000096e-04
2.999999999999999737e-04,1.124770000000000003e+01,-2.000000000000000096e-04,1.000000000000000048e-04
2.999999999999999737e-04,9.541100000000000136e+00,-2.999999999999999737e-04,-0.000000000000000000e+00
2.999999999999999737e-04,8.765399999999999636e+00,1.000000000000000048e-04,2.000000000000000096e-04
2.999999999999999737e-04,7.446699999999999875e+00,1.000000000000000048e-04,2.999999999999999737e-04
2.999999999999999737e-04,7.214000000000000412e+00,2.999999999999999737e-04,-0.000000000000000000e+00
2.999999999999999737e-04,6.826200000000000045e+00,-1.000000000000000048e-04,-2.000000000000000096e-04
2.999999999999999737e-04,6.593499999999999694e+00,-2.000000000000000096e-04,2.000000000000000096e-04
2.999999999999999737e-04,3.645799999999999930e+00,2.999999999999999737e-04,-1.000000000000000048e-04
2.999999999999999737e-04,-6.671000000000000263e+00,2.999999999999999737e-04,-0.000000000000000000e+00
2.999999999999999737e-04,-8.144899999999999807e+00,1.000000000000000048e-04,2.000000000000000096e-04
2.999999999999999737e-04,-9.153299999999999770e+00,-1.000000000000000048e-04,-2.999999999999999737e-04
2.999999999999999737e-04,-9.851399999999999935e+00,2.000000000000000096e-04,1.000000000000000048e-04
2.999999999999999737e-04,-1.000660000000000061e+01,-2.000000000000000096e-04,2.000000000000000096e-04
2.999999999999999737e-04,-1.054950000000000010e+01,-2.999999999999999737e-04,1.000000000000000048e-04
2.999999999999999737e-04,-1.225609999999999999e+01,-2.999999999999999737e-04,-0.000000000000000000e+00
2.999999999999999737e-04,-1.233370000000000033e+01,2.999999999999999737e-04,-2.000000000000000096e-04
2.999999999999999737e-04,-1.272150000000000070e+01,-2.999999999999999737e-04,0.000000000000000000e+00
2.999999999999999737e-04,-1.349719999999999942e+01,2.999999999999999737e-04,-1.000000000000000048e-04
2.999999999999999737e-04,-1.365240000000000009e+01,-2.999999999999999737e-04,2.000000000000000096e-04
2.999999999999999737e-04,-1.411780000000000079e+01,-2.000000000000000096e-04,2.000000000000000096e-04
2.999999999999999737e-04,-1.419529999999999959e+01,2.999999999999999737e-04,-1.000000000000000048e-04
2.999999999999999737e-04,-1.450559999999999938e+01,2.000000000000000096e-04,-2.999999999999999737e-04
2.999999999999999737e-04,-1.473830000000000062e+01,-1.000000000000000048e-04,2.000000000000000096e-04
2.999999999999999737e-04,-1.481589999999999918e+01,-2.999999999999999737e-04,2.000000000000000096e-04
2.999999999999999737e-04,-1.566920000000000002e+01,-1.000000000000000048e-04,-2.000000000000000096e-04
2.999999999999999737e-04,-1.605699999999999861e+01,-2.999999999999999737e-04,-1.000000000000000048e-04
2.999999999999999737e-04,-1.660000000000000142e+01,-2.000000000000000096e-04,-2.000000000000000096e-04
2.999999999999999737e-04,-1.667760000000000176e+01,1.000000000000000048e-04,2.999999999999999737e-04
2.999999999999999737e-04,-1.714300000000000068e+01,-2.999999999999999737e-04,-0.000000000000000000e+00
2.999999999999999737e-04,-1.993550000000000111e+01,0.000000000000000000e+00,-2.999999999999999737e-04
2.999999999999999737e-04,-2.195240000000000080e+01,-1.000000000000000048e-04,-2.999999999999999737e-04
2.999999999999999737e-04,-2.544300000000000139e+01,-2.000000000000000096e-04,-2.000000000000000096e-04
2.999999999999999737e-04,-2.823549999999999827e+01,2.999999999999999737e-04,1.000000000000000048e-04
2.999999999999999737e-04,-2.916639999999999944e+01,-1.000000000000000048e-04,2.999999999999999737e-04
2.999999999999999737e-04,-2.932150000000000034e+01,-2.000000000000000096e-04,2.000000000000000096e-04
2.000000000000000096e-04,3.133840000000000003e+01,2.000000000000000096e-04,2.000000000000000096e-04
2.000000000000000096e-04,2.777009999999999934e+01,-0.000000000000000000e+00,-2.000000000000000096e-04
2.000000000000000096e-04,2.629629999999999868e+01,1.000000000000000048e-04,1.000000000000000048e-04
2.000000000000000096e-04,2.614120000000000132e+01,-1.000000000000000048e-04,-1.000000000000000048e-04
2.000000000000000096e-04,2.109909999999999997e+01,-1.000000000000000048e-04,-1.000000000000000048e-04
2.000000000000000096e-04,2.016819999999999879e+01,-2.000000000000000096e-04,1.000000000000000048e-04
2.000000000000000096e-04,1.884959999999999880e+01,0.000000000000000000e+00,-2.000000000000000096e-04
2.000000000000000096e-04,1.877199999999999847e+01,1.000000000000000048e-04,-2.000000000000000096e-04
2.000000000000000096e-04,1.660000000000000142e+01,2.000000000000000096e-04,2.000000000000000096e-04
2.000000000000000096e-04,1.652250000000000085e+01,1.000000000000000048e-04,-1.000000000000000048e-04
2.000000000000000096e-04,1.644490000000000052e+01,-2.000000000000000096e-04,-0.000000000000000000e+00
2.000000000000000096e-04,1.597949999999999982e+01,-0.000000000000000000e+00,-2.000000000000000096e-04
2.000000000000000096e-04,1.504860000000000042e+01,-2.000000000000000096e-04,0.000000000000000000e+00
2.000000000000000096e-04,1.357479999999999976e+01,-1.000000000000000048e-04,2.000000000000000096e-04
2.000000000000000096e-04,1.341960000000000086e+01,0.000000000000000000e+00,-2.000000000000000096e-04
2.000000000000000096e-04,1.295420000000000016e+01,2.000000000000000096e-04,2.000000000000000096e-04
2.000000000000000096e-04,9.463599999999999568e+00,-2.000000000000000096e-04,1.000000000000000048e-04
2.000000000000000096e-04,9.308400000000000674e+00,1.000000000000000048e-04,-2.000000000000000096e-04
2.000000000000000096e-04,7.601899999999999658e+00,-0.000000000000000000e+00,2.000000000000000096e-04
2.000000000000000096e-04,7.136499999999999844e+00,1.000000000000000048e-04,-2.000000000000000096e-04
2.000000000000000096e-04,-6.593499999999999694e+00,2.000000000000000096e-04,-1.000000000000000048e-04
2.000000000000000096e-04,-7.834600000000000009e+00,-1.000000000000000048e-04,1.000000000000000048e-04
2.000000000000000096e-04,-9.618700000000000472e+00,2.000000000000000096e-04,1.000000000000000048e-04
2.000000000000000096e-04,-1.008409999999999940e+01,2.000000000000000096e-04,1.000000000000000048e-04
2.000000000000000096e-04,-1.085979999999999990e+01,-1.000000000000000048e-04,2.000000000000000096e-04
2.000000000000000096e-04,-1.535890000000000022e+01,1.000000000000000048e-04,-2.000000000000000096e-04
2.000000000000000096e-04,-1.559159999999999968e+01,2.000000000000000096e-04,-1.000000000000000048e-04
2.000000000000000096e-04,-1.621219999999999928e+01,-1.000000000000000048e-04,-2.000000000000000096e-04
2.000000000000000096e-04,-1.683269999999999911e+01,0.000000000000000000e+00,-2.000000000000000096e-04
2.000000000000000096e-04,-1.745329999999999870e+01,-1.000000000000000048e-04,-2.000000000000000096e-04
2.000000000000000096e-04,-1.947009999999999863e+01,-0.000000000000000000e+00,-2.000000000000000096e-04
2.000000000000000096e-04,-2.055610000000000070e+01,-0.000000000000000000e+00,2.000000000000000096e-04
2.000000000000000096e-04,-2.156449999999999889e+01,1.000000000000000048e-04,-2.000000000000000096e-04
2.000000000000000096e-04,-2.567569999999999908e+01,-1.000000000000000048e-04,2.000000000000000096e-04
2.000000000000000096e-04,-2.660660000000000025e+01,1.000000000000000048e-04,1.000000000000000048e-04
2.000000000000000096e-04,-2.707199999999999918e+01,-1.000000000000000048e-04,-2.000000000000000096e-04
2.000000000000000096e-04,-2.761499999999999844e+01,-1.000000000000000048e-04,-1.000000000000000048e-04
2.000000000000000096e-04,-3.001970000000000027e+01,0.000000000000000000e+00,-2.000000000000000096e-04
1.000000000000000048e-04,2.466730000000000089e+01,-0.000000000000000000e+00,-0.000000000000000000e+00
1.000000000000000048e-04,2.412430000000000163e+01,0.000000000000000000e+00,-1.000000000000000048e-04
1.000000000000000048e-04,2.389160000000000039e+01,0.000000000000000000e+00,-1.000000000000000048e-04
1.000000000000000048e-04,2.249540000000000006e+01,-0.000000000000000000e+00,1.000000000000000048e-04
1.000000000000000048e-04,2.094399999999999906e+01,-0.000000000000000000e+00,1.000000000000000048e-04
1.000000000000000048e-04,1.954769999999999897e+01,-0.000000000000000000e+00,-1.000000000000000048e-04
1.000000000000000048e-04,1.729820000000000135e+01,-0.000000000000000000e+00,1.000000000000000048e-04
1.000000000000000048e-04,1.528129999999999988e+01,-1.000000000000000048e-04,-0.000000000000000000e+00
1.000000000000000048e-04,1.497100000000000009e+01,-1.000000000000000048e-04,-1.000000000000000048e-04
1.000000000000000048e-04,1.466080000000000005e+01,1.000000000000000048e-04,-1.000000000000000048e-04
1.000000000000000048e-04,1.411780000000000079e+01,1.000000000000000048e-04,-1.000000000000000048e-04
1.000000000000000048e-04,1.148039999999999949e+01,1.000000000000000048e-04,-1.000000000000000048e-04
1.000000000000000048e-04,1.062710000000000043e+01,1.000000000000000048e-04,-1.000000000000000048e-04
1.000000000000000048e-04,9.618700000000000472e+00,-1.000000000000000048e-04,-1.000000000000000048e-04
1.000000000000000048e-04,8.377599999999999270e+00,1.000000000000000048e-04,-0.000000000000000000e+00
1.000000000000000048e-04,6.671000000000000263e+00,1.000000000000000048e-04,-1.000000000000000048e-04
1.000000000000000048e-04,-6.826200000000000045e+00,-1.000000000000000048e-04,-1.000000000000000048e-04
1.000000000000000048e-04,-8.377599999999999270e+00,-1.000000000000000048e-04,-1.000000000000000048e-04
1.000000000000000048e-04,-9.230900000000000105e+00,-1.000000000000000048e-04,1.000000000000000048e-04
1.000000000000000048e-04,-1.101500000000000057e+01,1.000000000000000048e-04,-0.000000000000000000e+00
1.000000000000000048e-04,-1.295420000000000016e+01,0.000000000000000000e+00,-1.000000000000000048e-04
1.000000000000000048e-04,-1.372990000000000066e+01,0.000000000000000000e+00,1.000000000000000048e-04
1.000000000000000048e-04,-1.497100000000000009e+01,-1.000000000000000048e-04,-1.000000000000000048e-04
1.000000000000000048e-04,-1.590189999999999948e+01,-0.000000000000000000e+00,0.000000000000000000e+00
1.000000000000000048e-04,-1.691029999999999944e+01,-1.000000000000000048e-04,0.000000000000000000e+00
1.000000000000000048e-04,-1.970279999999999987e+01,-1.000000000000000048e-04,0.000000000000000000e+00
1.000000000000000048e-04,-2.071120000000000161e+01,-1.000000000000000048e-04,-0.000000000000000000e+00
1.000000000000000048e-04,-2.249540000000000006e+01,1.000000000000000048e-04,-1.000000000000000048e-04
1.000000000000000048e-04,-2.870100000000000051e+01,-1.000000000000000048e-04,-0.000000000000000000e+00
1.000000000000000048e-04,-3.118319999999999936e+01,-1.000000000000000048e-04,0.000000000000000000e+00
0.000000000000000000e+00,1.435050000000000026e+01,-0.000000000000000000e+00,-0.000000000000000000e+00
0.000000000000000000e+00,1.163550000000000040e+01,-0.000000000000000000e+00,-0.000000000000000000e+00
0.000000000000000000e+00,1.008409999999999940e+01,-0.000000000000000000e+00,-0.000000000000000000e+00
0.000000000000000000e+00,6.515900000000000247e+00,-0.000000000000000000e+00,-0.000000000000000000e+00
0.000000000000000000e+00,-2.877850000000000108e+01,-0.000000000000000000e+00,0.000000000000000000e+00
0.000000000000000000e+00,-3.048509999999999920e+01,-0.000000000000000000e+00,0.000000000000000000e+00
